message_id,schema_version,tenant_id,site_id,message_type,asset_id,asset_type,timestamp,sequence_no,air_quality.pm2_5_ug_m3,air_quality.pm10_ug_m3,air_quality.dust_mg_m3,air_quality.ambient_temp_c,air_quality.relative_humidity_pct,air_quality.alert_flag
1464077a-ff3a-4c9d-85fe-d06a5fdb41bc,1.0,acme-mining,site-01,air_quality,ACME-S01-AQ-001,sensor_station,2026-09-01T16:18:01.854Z,1,22.9,24.3,0.42,32.2,29.0,False
19eb2d54-e232-4407-b6ce-e68be9d8216c,1.0,acme-mining,site-01,air_quality,ACME-S01-AQ-002,sensor_station,2026-09-01T16:18:01.854Z,1,9.0,34.7,0.75,24.7,43.5,False
a9136d42-9795-4080-a385-3b3ae0405896,1.0,acme-mining,site-01,air_quality,ACME-S01-AQ-003,sensor_station,2026-09-01T16:18:01.854Z,1,21.2,26.0,0.08,19.1,40.2,False
07ee37b8-7022-4fd7-90f2-8f83be530ea6,1.0,acme-mining,site-01,air_quality,ACME-S01-AQ-004,sensor_station,2026-09-01T16:18:01.854Z,1,23.4,20.9,0.59,26.5,34.5,False
b7b4795d-de5a-4293-96e5-de092bff6a1c,1.0,acme-mining,site-01,air_quality,ACME-S01-AQ-005,sensor_station,2026-09-01T16:18:01.854Z,1,12.0,36.8,0.18,30.0,45.8,False
99b2d24e-16ce-4d8c-81f2-1229f81d4d2c,1.0,acme-mining,site-01,air_quality,ACME-S01-AQ-006,sensor_station,2026-09-01T16:18:01.854Z,1,18.2,28.7,0.39,28.6,69.1,False
7bb8b908-f46c-4220-bd6c-50a950516676,1.0,acme-mining,site-01,air_quality,ACME-S01-AQ-007,sensor_station,2026-09-01T16:18:01.854Z,1,10.9,30.0,0.3,20.5,74.9,False
aa5df083-5a5d-40e6-8535-889b9ac8a3ea,1.0,acme-mining,site-01,air_quality,ACME-S01-AQ-008,sensor_station,2026-09-01T16:18:01.854Z,1,13.6,27.5,0.79,23.2,43.6,False
a9de44ea-051b-48ff-8e5f-878f7cfe9fac,1.0,acme-mining,site-01,air_quality,ACME-S01-AQ-009,sensor_station,2026-09-01T16:18:01.854Z,1,14.9,39.8,0.51,27.0,35.7,False
363359a5-4a8f-42c1-9cc9-22a36e6218d2,1.0,acme-mining,site-01,air_quality,ACME-S01-AQ-010,sensor_station,2026-09-01T16:18:01.854Z,1,22.8,25.6,0.77,25.2,44.9,False
a48d3f12-62b8-43c9-9599-f390097a8512,1.0,acme-mining,site-01,air_quality,ACME-S01-AQ-011,sensor_station,2026-09-01T16:18:01.854Z,1,23.7,35.9,0.44,33.9,40.1,False
e9cc82e5-d832-4f75-a8b1-e665f713cd5c,1.0,acme-mining,site-01,air_quality,ACME-S01-AQ-012,sensor_station,2026-09-01T16:18:01.854Z,1,11.6,43.7,0.07,31.2,59.5,False
a825ac22-fd5f-4028-9af1-da345fa0d316,1.0,acme-mining,site-01,air_quality,ACME-S01-AQ-013,sensor_station,2026-09-01T16:18:01.854Z,1,16.9,34.7,0.74,20.5,26.9,False
a6e44146-b630-4b06-8a59-a29e6f444297,1.0,acme-mining,site-01,air_quality,ACME-S01-AQ-014,sensor_station,2026-09-01T16:18:01.854Z,1,10.2,29.0,0.49,21.7,65.6,False
d4ede963-585c-4f3a-b7d0-2cf276ce8ca2,1.0,acme-mining,site-01,air_quality,ACME-S01-AQ-015,sensor_station,2026-09-01T16:18:01.854Z,1,14.4,45.5,0.6,29.6,64.6,False
7017865f-7a98-4236-a182-66542ea0484f,1.0,acme-mining,site-02,air_quality,ACME-S02-AQ-001,sensor_station,2026-09-01T16:18:01.854Z,1,67.9,150.6,0.77,19.3,61.5,True
9c6af4cf-2a8f-4633-a9ff-71a0fc74d8e6,1.0,acme-mining,site-02,air_quality,ACME-S02-AQ-002,sensor_station,2026-09-01T16:18:01.854Z,1,21.7,40.5,0.26,26.3,51.2,False
bc6ec320-bd2b-4c1b-8dd6-6379e1bd42fc,1.0,acme-mining,site-02,air_quality,ACME-S02-AQ-003,sensor_station,2026-09-01T16:18:01.854Z,1,11.9,36.9,0.55,28.7,59.2,False
2a4b32fa-d07c-4c35-ad2d-c45649fd6a35,1.0,acme-mining,site-02,air_quality,ACME-S02-AQ-004,sensor_station,2026-09-01T16:18:01.854Z,1,17.3,36.4,0.73,26.6,25.5,False
b0acfce2-c597-45be-8c0c-fdbfc442794a,1.0,acme-mining,site-02,air_quality,ACME-S02-AQ-005,sensor_station,2026-09-01T16:18:01.854Z,1,22.5,35.2,0.3,23.6,73.9,False
3007f2be-aefe-47b7-b3b3-e0df72736667,1.0,acme-mining,site-02,air_quality,ACME-S02-AQ-006,sensor_station,2026-09-01T16:18:01.854Z,1,10.7,38.9,0.5,22.9,64.3,False
866c39da-ebcf-4234-8556-a94e1359fc4b,1.0,acme-mining,site-02,air_quality,ACME-S02-AQ-007,sensor_station,2026-09-01T16:18:01.854Z,1,18.1,35.3,0.48,28.5,39.6,False
d625fd7b-6bc3-402d-8600-e08e38fd8384,1.0,acme-mining,site-02,air_quality,ACME-S02-AQ-008,sensor_station,2026-09-01T16:18:01.854Z,1,8.4,32.5,0.15,19.2,64.2,False
aa1c2567-76e4-44be-b96c-a963b1e76358,1.0,acme-mining,site-02,air_quality,ACME-S02-AQ-009,sensor_station,2026-09-01T16:18:01.854Z,1,17.9,26.3,0.24,29.9,55.2,False
aea3d5a9-bbf2-487d-97de-5b5896ec588c,1.0,acme-mining,site-02,air_quality,ACME-S02-AQ-010,sensor_station,2026-09-01T16:18:01.854Z,1,19.8,37.8,0.33,20.8,64.1,False
ae61e484-6606-4e51-9f27-d625a6d36446,1.0,acme-mining,site-02,air_quality,ACME-S02-AQ-011,sensor_station,2026-09-01T16:18:01.854Z,1,10.9,33.8,0.07,33.7,73.4,False
843e0f9f-1b1e-4bdb-bd69-906c0e6c2a74,1.0,acme-mining,site-02,air_quality,ACME-S02-AQ-012,sensor_station,2026-09-01T16:18:01.854Z,1,21.1,43.1,0.61,24.6,44.2,False
bedc30aa-c7bc-4cb4-9ecb-5fe3d7a02fd7,1.0,acme-mining,site-02,air_quality,ACME-S02-AQ-013,sensor_station,2026-09-01T16:18:01.854Z,1,19.6,23.0,0.48,31.5,27.7,False
6fa2d442-6605-4d04-829d-bba70d893f3f,1.0,acme-mining,site-02,air_quality,ACME-S02-AQ-014,sensor_station,2026-09-01T16:18:01.854Z,1,21.1,19.6,0.4,25.6,48.8,False
5dfbdb28-4c44-4f5a-a9d9-516201d91894,1.0,acme-mining,site-02,air_quality,ACME-S02-AQ-015,sensor_station,2026-09-01T16:18:01.854Z,1,22.8,25.0,0.56,24.2,38.1,False
c1aa6b5d-f017-459e-ac9d-cd9e4a1307cc,1.0,beta-minerals,north-site,air_quality,BETA-NORTH-AQ-001,sensor_station,2026-09-01T16:18:01.854Z,1,23.8,30.8,0.69,32.3,65.1,False
73a31692-66e5-489c-bf4b-b37edc9f5dbb,1.0,beta-minerals,north-site,air_quality,BETA-NORTH-AQ-002,sensor_station,2026-09-01T16:18:01.854Z,1,13.9,18.4,0.56,28.8,44.8,False
839b0f62-1f5b-4f1f-b34b-f06bf0371cde,1.0,beta-minerals,north-site,air_quality,BETA-NORTH-AQ-003,sensor_station,2026-09-01T16:18:01.854Z,1,18.8,21.6,0.35,29.1,73.9,False
4aef5ebd-a3c8-460e-afac-e022493d8d73,1.0,beta-minerals,north-site,air_quality,BETA-NORTH-AQ-004,sensor_station,2026-09-01T16:18:01.854Z,1,22.3,23.1,0.32,21.2,35.0,False
0e2a5610-ca21-4868-8ba9-452f9c7055ea,1.0,beta-minerals,north-site,air_quality,BETA-NORTH-AQ-005,sensor_station,2026-09-01T16:18:01.854Z,1,14.5,25.0,0.37,26.0,63.2,False
58d8dd0a-c347-451f-ac7c-1f1f5f85589f,1.0,beta-minerals,north-site,air_quality,BETA-NORTH-AQ-006,sensor_station,2026-09-01T16:18:01.854Z,1,17.5,40.7,0.65,33.1,42.8,False
a6b064a7-336f-404b-bf95-5e70cc64dafc,1.0,beta-minerals,north-site,air_quality,BETA-NORTH-AQ-007,sensor_station,2026-09-01T16:18:01.854Z,1,23.2,47.6,0.43,20.4,47.7,False
833ab2ce-3fcd-47bc-a636-b163c846ca9a,1.0,beta-minerals,north-site,air_quality,BETA-NORTH-AQ-008,sensor_station,2026-09-01T16:18:01.854Z,1,15.8,24.9,0.76,18.5,61.9,False
9b3b15bd-7a05-404a-be03-1fed5c2bed17,1.0,beta-minerals,north-site,air_quality,BETA-NORTH-AQ-009,sensor_station,2026-09-01T16:18:01.854Z,1,16.0,18.8,0.18,27.7,41.3,False
eb41a0b8-f00e-4ab3-8aa2-c9fa856102b1,1.0,beta-minerals,north-site,air_quality,BETA-NORTH-AQ-010,sensor_station,2026-09-01T16:18:01.854Z,1,18.0,40.8,0.55,26.3,49.6,False
ca4974d8-f54a-4487-8abd-439b0a8a3bf9,1.0,beta-minerals,north-site,air_quality,BETA-NORTH-AQ-011,sensor_station,2026-09-01T16:18:01.854Z,1,12.7,32.9,0.43,26.7,65.5,False
7a38f9e4-d8b6-42af-89cd-71541617b3fa,1.0,beta-minerals,north-site,air_quality,BETA-NORTH-AQ-012,sensor_station,2026-09-01T16:18:01.854Z,1,8.3,40.9,0.79,32.1,31.0,False
f5e80096-8fdf-4c44-8177-7ecf28e9101e,1.0,beta-minerals,north-site,air_quality,BETA-NORTH-AQ-013,sensor_station,2026-09-01T16:18:01.854Z,1,21.6,31.3,0.08,20.8,58.0,False
b44c754f-1586-4baf-9ffe-82850e99af07,1.0,beta-minerals,north-site,air_quality,BETA-NORTH-AQ-014,sensor_station,2026-09-01T16:18:01.854Z,1,22.2,22.9,0.37,23.0,44.5,False
d211d7de-f4e7-4c18-add7-25309c5a8986,1.0,beta-minerals,north-site,air_quality,BETA-NORTH-AQ-015,sensor_station,2026-09-01T16:18:01.854Z,1,17.1,32.7,0.47,26.6,48.5,False
cfc8ff42-e468-4e5f-a11f-3506275a5d84,1.0,beta-minerals,north-site,air_quality,BETA-NORTH-AQ-016,sensor_station,2026-09-01T16:18:01.854Z,1,10.5,19.7,0.25,27.5,43.9,False
60621439-a134-4569-8016-b32eb3f504d7,1.0,beta-minerals,north-site,air_quality,BETA-NORTH-AQ-017,sensor_station,2026-09-01T16:18:01.854Z,1,20.3,26.5,0.1,27.4,31.4,False
549ade43-2130-4594-923b-365eef40c9b8,1.0,beta-minerals,north-site,air_quality,BETA-NORTH-AQ-018,sensor_station,2026-09-01T16:18:01.854Z,1,21.0,35.5,0.62,28.0,44.0,False
8f4c5122-5d97-4669-a05b-69418a5c5e8e,1.0,beta-minerals,north-site,air_quality,BETA-NORTH-AQ-019,sensor_station,2026-09-01T16:18:01.854Z,1,23.9,30.4,0.09,21.9,36.7,False
a0304f9d-721a-4074-8c71-277ab31345f0,1.0,beta-minerals,north-site,air_quality,BETA-NORTH-AQ-020,sensor_station,2026-09-01T16:18:01.854Z,1,9.4,38.6,0.7,19.8,33.5,False
4a9acd4a-7091-4126-ae02-a83a19c434d9,1.0,acme-mining,site-01,air_quality,ACME-S01-AQ-001,sensor_station,2026-09-01T16:18:06.854Z,2,20.0,35.6,0.42,30.0,44.3,False
9d49ded6-f3e7-4e9c-ab19-e79175c1d8b9,1.0,acme-mining,site-01,air_quality,ACME-S01-AQ-002,sensor_station,2026-09-01T16:18:06.854Z,2,9.0,31.9,0.36,25.7,45.4,False
62c68b79-d59c-457f-a921-59d022aca166,1.0,acme-mining,site-01,air_quality,ACME-S01-AQ-003,sensor_station,2026-09-01T16:18:06.854Z,2,22.2,26.1,0.77,28.8,37.3,False
55cb2082-056d-45bd-8a71-a125216e0453,1.0,acme-mining,site-01,air_quality,ACME-S01-AQ-004,sensor_station,2026-09-01T16:18:06.854Z,2,20.6,27.1,0.36,19.3,56.8,False
0d0f716d-41d3-4dbc-adc4-88320650f710,1.0,acme-mining,site-01,air_quality,ACME-S01-AQ-005,sensor_station,2026-09-01T16:18:06.854Z,2,23.5,29.2,0.79,30.5,51.9,False
a9f725bf-6fbc-45e4-814f-bba7d5e7c82a,1.0,acme-mining,site-01,air_quality,ACME-S01-AQ-006,sensor_station,2026-09-01T16:18:06.854Z,2,22.6,31.6,0.05,25.4,66.5,False
d30650f7-b61e-4c04-943a-e3daf196a210,1.0,acme-mining,site-01,air_quality,ACME-S01-AQ-007,sensor_station,2026-09-01T16:18:06.854Z,2,23.6,18.0,0.75,25.7,54.9,False
67e83485-0d70-4f64-92ae-55867a871d5f,1.0,acme-mining,site-01,air_quality,ACME-S01-AQ-008,sensor_station,2026-09-01T16:18:06.854Z,2,14.1,28.5,0.52,27.4,50.5,False
046902aa-1e61-4b90-a60f-cf1294632445,1.0,acme-mining,site-01,air_quality,ACME-S01-AQ-009,sensor_station,2026-09-01T16:18:06.854Z,2,65.5,137.7,0.14,20.2,52.8,True
be2e9f8a-b1e0-4242-b2aa-5b7ec1ba3eb0,1.0,acme-mining,site-01,air_quality,ACME-S01-AQ-010,sensor_station,2026-09-01T16:18:06.854Z,2,14.9,36.3,0.77,23.1,59.1,False
8d354407-7d9b-442f-8b4d-f1905c6a9dbc,1.0,acme-mining,site-01,air_quality,ACME-S01-AQ-011,sensor_station,2026-09-01T16:18:06.854Z,2,12.2,40.6,0.39,21.9,74.2,False
e32e5015-0f81-43de-b12a-4c6c632c6a96,1.0,acme-mining,site-01,air_quality,ACME-S01-AQ-012,sensor_station,2026-09-01T16:18:06.854Z,2,15.4,36.0,0.06,29.1,57.3,False
78571ddc-1d1d-4011-8d72-afff76cc7eee,1.0,acme-mining,site-01,air_quality,ACME-S01-AQ-013,sensor_station,2026-09-01T16:18:06.854Z,2,78.5,138.9,0.72,29.3,63.1,True
70e91c4d-8a37-458f-b9e8-f8d32c66d97d,1.0,acme-mining,site-01,air_quality,ACME-S01-AQ-014,sensor_station,2026-09-01T16:18:06.854Z,2,20.6,37.5,0.11,18.5,66.6,False
c3c2837c-61de-42d4-88a6-dae56eb269d3,1.0,acme-mining,site-01,air_quality,ACME-S01-AQ-015,sensor_station,2026-09-01T16:18:06.854Z,2,18.8,28.6,0.66,31.2,42.9,False
328a8625-b476-460c-a85d-f6fefa4eb84b,1.0,acme-mining,site-02,air_quality,ACME-S02-AQ-001,sensor_station,2026-09-01T16:18:06.854Z,2,22.9,45.9,0.79,31.7,70.3,False
cbca2ec3-b2ce-44da-b7a8-d0497d9e39c8,1.0,acme-mining,site-02,air_quality,ACME-S02-AQ-002,sensor_station,2026-09-01T16:18:06.854Z,2,12.7,23.9,0.16,26.3,53.6,False
c9ce07ce-222b-4419-a898-b12c540e7ec1,1.0,acme-mining,site-02,air_quality,ACME-S02-AQ-003,sensor_station,2026-09-01T16:18:06.854Z,2,16.1,21.8,0.65,22.8,58.7,False
7ed63877-46c7-4838-9ca3-bb76bd26dfbc,1.0,acme-mining,site-02,air_quality,ACME-S02-AQ-004,sensor_station,2026-09-01T16:18:06.854Z,2,22.0,23.0,0.38,19.9,58.1,False
9292506e-8500-4770-8328-dbb890072838,1.0,acme-mining,site-02,air_quality,ACME-S02-AQ-005,sensor_station,2026-09-01T16:18:06.854Z,2,11.4,40.6,0.54,19.4,46.7,False
50ae5359-055d-49b7-ac65-042f2fbb3e2d,1.0,acme-mining,site-02,air_quality,ACME-S02-AQ-006,sensor_station,2026-09-01T16:18:06.854Z,2,10.6,45.9,0.73,30.3,36.0,False
42d6ae97-d997-4995-8b7e-907e12252d4c,1.0,acme-mining,site-02,air_quality,ACME-S02-AQ-007,sensor_station,2026-09-01T16:18:06.854Z,2,15.6,44.9,0.14,20.2,51.7,False
37adb366-0ea2-4dcf-a2b6-c9e7b0d27689,1.0,acme-mining,site-02,air_quality,ACME-S02-AQ-008,sensor_station,2026-09-01T16:18:06.854Z,2,9.4,38.8,0.7,32.9,63.3,False
aeca11ac-2a6f-4da9-9227-713a9b87942c,1.0,acme-mining,site-02,air_quality,ACME-S02-AQ-009,sensor_station,2026-09-01T16:18:06.854Z,2,18.3,29.3,0.59,29.8,44.1,False
612ecf6d-6186-4370-9e80-3c29a91ebc40,1.0,acme-mining,site-02,air_quality,ACME-S02-AQ-010,sensor_station,2026-09-01T16:18:06.854Z,2,17.0,43.7,0.66,21.6,30.8,False
19bc37ff-68ec-417e-b4e2-1922c42ff07c,1.0,acme-mining,site-02,air_quality,ACME-S02-AQ-011,sensor_station,2026-09-01T16:18:06.854Z,2,9.4,40.2,0.75,29.9,30.8,False
64ecc099-a87d-4ec6-bc99-75e7ef269586,1.0,acme-mining,site-02,air_quality,ACME-S02-AQ-012,sensor_station,2026-09-01T16:18:06.854Z,2,21.7,46.6,0.48,18.0,28.1,False
0577be03-3ec2-4640-8c37-a18873e8d63b,1.0,acme-mining,site-02,air_quality,ACME-S02-AQ-013,sensor_station,2026-09-01T16:18:06.854Z,2,21.6,47.4,0.29,23.8,59.0,False
41aac09b-8f07-420e-9b7e-d2103c03e1bf,1.0,acme-mining,site-02,air_quality,ACME-S02-AQ-014,sensor_station,2026-09-01T16:18:06.854Z,2,16.3,36.0,0.22,24.3,51.9,False
4f9581ba-227f-4478-9c75-6287db33bd2b,1.0,acme-mining,site-02,air_quality,ACME-S02-AQ-015,sensor_station,2026-09-01T16:18:06.854Z,2,10.3,46.3,0.68,26.0,47.8,False
8433dd9b-2001-49f6-98ab-bfc6fabdcd97,1.0,beta-minerals,north-site,air_quality,BETA-NORTH-AQ-001,sensor_station,2026-09-01T16:18:06.854Z,2,22.0,37.5,0.16,20.0,53.4,False
1976ecb0-82d8-430e-ae3a-bd8133d98269,1.0,beta-minerals,north-site,air_quality,BETA-NORTH-AQ-002,sensor_station,2026-09-01T16:18:06.854Z,2,85.0,174.2,0.15,23.9,67.2,True
e1e8be90-c3f6-4c65-9f4c-7000d751abec,1.0,beta-minerals,north-site,air_quality,BETA-NORTH-AQ-003,sensor_station,2026-09-01T16:18:06.854Z,2,14.0,38.5,0.43,22.2,68.8,False
c20f3b3f-c439-4407-b773-5b136335533c,1.0,beta-minerals,north-site,air_quality,BETA-NORTH-AQ-004,sensor_station,2026-09-01T16:18:06.854Z,2,17.9,37.3,0.61,21.9,66.1,False
2e252247-801c-4dec-a45d-aa9f405f5c06,1.0,beta-minerals,north-site,air_quality,BETA-NORTH-AQ-005,sensor_station,2026-09-01T16:18:06.854Z,2,60.5,137.9,0.1,24.2,48.1,True
a848f02a-a0eb-4748-a736-087d4f02c281,1.0,beta-minerals,north-site,air_quality,BETA-NORTH-AQ-006,sensor_station,2026-09-01T16:18:06.854Z,2,15.5,37.3,0.73,25.4,29.3,False
e77b4c65-b57b-4b3c-b38d-e0a77fc84e5e,1.0,beta-minerals,north-site,air_quality,BETA-NORTH-AQ-007,sensor_station,2026-09-01T16:18:06.854Z,2,22.7,45.7,0.63,21.2,41.4,False
96336b7f-ba11-427d-8e9f-82c10b0d555c,1.0,beta-minerals,north-site,air_quality,BETA-NORTH-AQ-008,sensor_station,2026-09-01T16:18:06.854Z,2,23.9,32.6,0.58,25.6,38.9,False
9382d995-2281-428e-98ba-8e609adb2dcf,1.0,beta-minerals,north-site,air_quality,BETA-NORTH-AQ-009,sensor_station,2026-09-01T16:18:06.854Z,2,77.4,132.4,0.07,27.6,44.0,True
430ed233-4477-4bb1-9711-088957a3183b,1.0,beta-minerals,north-site,air_quality,BETA-NORTH-AQ-010,sensor_station,2026-09-01T16:18:06.854Z,2,13.8,30.9,0.41,18.9,68.4,False
295c28d7-dea4-403f-8143-b4d15df14338,1.0,beta-minerals,north-site,air_quality,BETA-NORTH-AQ-011,sensor_station,2026-09-01T16:18:06.854Z,2,18.9,26.1,0.53,19.3,28.5,False
235d2439-c77e-4e64-a4cc-ffdb34051351,1.0,beta-minerals,north-site,air_quality,BETA-NORTH-AQ-012,sensor_station,2026-09-01T16:18:06.854Z,2,12.8,39.4,0.7,26.4,58.5,False
ae51675b-c6e2-4ee7-a9f9-a61ba3a9610c,1.0,beta-minerals,north-site,air_quality,BETA-NORTH-AQ-013,sensor_station,2026-09-01T16:18:06.854Z,2,21.3,20.8,0.73,23.5,62.7,False
adf99a80-43cd-485e-af9e-e462fc7251d4,1.0,beta-minerals,north-site,air_quality,BETA-NORTH-AQ-014,sensor_station,2026-09-01T16:18:06.854Z,2,13.6,30.6,0.41,29.0,33.0,False
c994a31e-f744-4c6f-9a7b-fdf5683fab10,1.0,beta-minerals,north-site,air_quality,BETA-NORTH-AQ-015,sensor_station,2026-09-01T16:18:06.854Z,2,13.7,38.8,0.34,18.2,64.2,False
4b3fdf99-3220-4835-af1b-179aa215e5e4,1.0,beta-minerals,north-site,air_quality,BETA-NORTH-AQ-016,sensor_station,2026-09-01T16:18:06.854Z,2,9.2,38.0,0.51,23.2,74.3,False
91fe8550-7500-439f-8908-34440ba99fa8,1.0,beta-minerals,north-site,air_quality,BETA-NORTH-AQ-017,sensor_station,2026-09-01T16:18:06.854Z,2,19.9,40.1,0.29,20.4,47.9,False
4bcee3b6-f857-4b5b-a5c6-1259eb18ceda,1.0,beta-minerals,north-site,air_quality,BETA-NORTH-AQ-018,sensor_station,2026-09-01T16:18:06.854Z,2,21.8,21.4,0.78,24.5,51.0,False
020935d3-f5e7-4397-8eeb-b2d0d5410d2d,1.0,beta-minerals,north-site,air_quality,BETA-NORTH-AQ-019,sensor_station,2026-09-01T16:18:06.854Z,2,59.4,141.5,0.78,19.6,35.9,True
94bd7442-c093-4891-948d-ce8632b444b2,1.0,beta-minerals,north-site,air_quality,BETA-NORTH-AQ-020,sensor_station,2026-09-01T16:18:06.854Z,2,14.7,34.4,0.17,24.0,42.4,False
4242ac96-dadb-4bdc-aab6-92d6c428e94f,1.0,acme-mining,site-01,air_quality,ACME-S01-AQ-001,sensor_station,2026-09-01T16:18:11.854Z,3,63.4,145.8,0.57,21.2,49.0,True
abdb5311-fcca-4dc6-b8c8-a681e9755bcb,1.0,acme-mining,site-01,air_quality,ACME-S01-AQ-002,sensor_station,2026-09-01T16:18:11.854Z,3,9.6,35.7,0.33,22.4,44.3,False
7a81eb8f-3add-454b-ba8d-98c4b9722ad1,1.0,acme-mining,site-01,air_quality,ACME-S01-AQ-003,sensor_station,2026-09-01T16:18:11.854Z,3,15.4,42.4,0.16,22.5,31.0,False
461bc060-1f3a-4f24-970b-5e2ca1c060a6,1.0,acme-mining,site-01,air_quality,ACME-S01-AQ-004,sensor_station,2026-09-01T16:18:11.854Z,3,17.3,19.0,0.54,28.5,47.2,False
80d8a149-c312-457f-ac08-40fc0a0a3565,1.0,acme-mining,site-01,air_quality,ACME-S01-AQ-005,sensor_station,2026-09-01T16:18:11.854Z,3,13.7,22.2,0.71,25.3,25.5,False
c875cfe1-afd8-4c75-84fc-1743bd2f5365,1.0,acme-mining,site-01,air_quality,ACME-S01-AQ-006,sensor_station,2026-09-01T16:18:11.854Z,3,16.0,43.8,0.21,32.4,51.3,False
df31fe9b-dd34-4a8c-9c0d-7d776d0aa0f5,1.0,acme-mining,site-01,air_quality,ACME-S01-AQ-007,sensor_station,2026-09-01T16:18:11.854Z,3,10.8,22.5,0.54,27.0,48.0,False
270476f9-b7e7-4328-b365-c1ac8e33904f,1.0,acme-mining,site-01,air_quality,ACME-S01-AQ-008,sensor_station,2026-09-01T16:18:11.854Z,3,10.2,41.5,0.54,32.8,28.4,False
1ac24867-3d4f-4005-a0c7-bb18580aa203,1.0,acme-mining,site-01,air_quality,ACME-S01-AQ-009,sensor_station,2026-09-01T16:18:11.854Z,3,15.7,46.9,0.5,20.9,60.4,False
d14d72a5-56eb-432d-a30c-ec9a6976b161,1.0,acme-mining,site-01,air_quality,ACME-S01-AQ-010,sensor_station,2026-09-01T16:18:11.854Z,3,18.5,25.8,0.57,27.4,54.0,False
3dae714f-3794-4833-ad34-983a70482a48,1.0,acme-mining,site-01,air_quality,ACME-S01-AQ-011,sensor_station,2026-09-01T16:18:11.854Z,3,21.3,20.0,0.07,29.7,36.6,False
9c93c8d6-532c-4e3c-9d11-64444cd654f0,1.0,acme-mining,site-01,air_quality,ACME-S01-AQ-012,sensor_station,2026-09-01T16:18:11.854Z,3,16.0,38.4,0.29,21.7,63.6,False
29d6ef08-ea32-46d4-b926-ee9ad8204c58,1.0,acme-mining,site-01,air_quality,ACME-S01-AQ-013,sensor_station,2026-09-01T16:18:11.854Z,3,20.7,21.2,0.71,29.7,44.2,False
c4891896-9a25-42b3-b411-17eba82bbb7a,1.0,acme-mining,site-01,air_quality,ACME-S01-AQ-014,sensor_station,2026-09-01T16:18:11.854Z,3,22.8,19.9,0.24,18.6,62.5,False
d9e7f5a9-6bb2-4eff-8ed3-3cabb14ee6d2,1.0,acme-mining,site-01,air_quality,ACME-S01-AQ-015,sensor_station,2026-09-01T16:18:11.854Z,3,14.0,36.9,0.07,20.8,30.4,False
a0d46bd8-d585-4c00-8004-a44ce8d16f91,1.0,acme-mining,site-02,air_quality,ACME-S02-AQ-001,sensor_station,2026-09-01T16:18:11.854Z,3,20.8,20.7,0.58,32.6,63.3,False
858b2f5a-11fa-4b7a-852a-e60d491f1287,1.0,acme-mining,site-02,air_quality,ACME-S02-AQ-002,sensor_station,2026-09-01T16:18:11.854Z,3,18.5,33.6,0.32,21.2,32.8,False
e7510442-3079-4e2d-9ef1-b792b330cede,1.0,acme-mining,site-02,air_quality,ACME-S02-AQ-003,sensor_station,2026-09-01T16:18:11.854Z,3,21.8,24.9,0.65,32.6,41.6,False
34a6e2bd-514e-485e-8249-049c830378af,1.0,acme-mining,site-02,air_quality,ACME-S02-AQ-004,sensor_station,2026-09-01T16:18:11.854Z,3,19.7,46.2,0.08,18.3,72.0,False
b6369fea-e243-4935-9c8e-a6590daef291,1.0,acme-mining,site-02,air_quality,ACME-S02-AQ-005,sensor_station,2026-09-01T16:18:11.854Z,3,14.4,32.5,0.17,22.8,36.5,False
38d66157-750f-4e67-9721-973d10fea110,1.0,acme-mining,site-02,air_quality,ACME-S02-AQ-006,sensor_station,2026-09-01T16:18:11.854Z,3,12.0,26.2,0.14,30.5,57.8,False
107c6825-cd67-4ed9-ad9b-e0c01b267e0c,1.0,acme-mining,site-02,air_quality,ACME-S02-AQ-007,sensor_station,2026-09-01T16:18:11.854Z,3,19.8,26.1,0.11,19.2,61.1,False
26112c33-7c83-4d93-a95e-989f0bc904f3,1.0,acme-mining,site-02,air_quality,ACME-S02-AQ-008,sensor_station,2026-09-01T16:18:11.854Z,3,14.6,18.4,0.67,27.7,32.6,False
664ef31a-8d32-41ef-8337-df8ca8263a2c,1.0,acme-mining,site-02,air_quality,ACME-S02-AQ-009,sensor_station,2026-09-01T16:18:11.854Z,3,20.7,23.8,0.5,23.0,41.2,False
609be003-3138-44fe-8800-6aa36ba915f4,1.0,acme-mining,site-02,air_quality,ACME-S02-AQ-010,sensor_station,2026-09-01T16:18:11.854Z,3,8.4,26.2,0.2,22.2,57.8,False
9f4fbf73-fafc-4c7c-b7a1-7eaa088ecd26,1.0,acme-mining,site-02,air_quality,ACME-S02-AQ-011,sensor_station,2026-09-01T16:18:11.854Z,3,12.7,20.8,0.78,27.0,49.2,False
c394a791-1a92-465b-ac92-872a670bb585,1.0,acme-mining,site-02,air_quality,ACME-S02-AQ-012,sensor_station,2026-09-01T16:18:11.854Z,3,16.5,25.3,0.06,26.0,44.7,False
1af8454e-15bd-4296-947b-2e4cff4eb5c6,1.0,acme-mining,site-02,air_quality,ACME-S02-AQ-013,sensor_station,2026-09-01T16:18:11.854Z,3,16.7,21.2,0.22,33.6,44.9,False
f04df5f7-a0df-4f4b-867f-cf07b102c02a,1.0,acme-mining,site-02,air_quality,ACME-S02-AQ-014,sensor_station,2026-09-01T16:18:11.854Z,3,13.9,34.9,0.53,23.3,65.5,False
833f13b6-3ad1-455f-9cd8-6ee3a1d2aa4d,1.0,acme-mining,site-02,air_quality,ACME-S02-AQ-015,sensor_station,2026-09-01T16:18:11.854Z,3,9.5,23.1,0.7,25.8,37.5,False
068e22f1-9f3b-4e40-9f8f-f2452b9c4638,1.0,beta-minerals,north-site,air_quality,BETA-NORTH-AQ-001,sensor_station,2026-09-01T16:18:11.854Z,3,11.8,32.2,0.58,21.2,31.6,False
14593c67-72d6-402c-b750-9866af2020f2,1.0,beta-minerals,north-site,air_quality,BETA-NORTH-AQ-002,sensor_station,2026-09-01T16:18:11.854Z,3,8.5,35.3,0.39,28.9,47.2,False
a6e7ddfa-d90d-4474-a964-f103bc1860ba,1.0,beta-minerals,north-site,air_quality,BETA-NORTH-AQ-003,sensor_station,2026-09-01T16:18:11.854Z,3,10.8,31.8,0.53,30.9,66.9,False
4858c297-5ec5-4597-a10d-a48bd9783384,1.0,beta-minerals,north-site,air_quality,BETA-NORTH-AQ-004,sensor_station,2026-09-01T16:18:11.854Z,3,22.5,25.3,0.59,19.1,62.4,False
a3bbcf11-9e35-4cb2-a880-caf6dc261b0e,1.0,beta-minerals,north-site,air_quality,BETA-NORTH-AQ-005,sensor_station,2026-09-01T16:18:11.854Z,3,14.5,33.6,0.4,24.2,64.2,False
317f510a-9bdc-41b1-ba88-97943ca31977,1.0,beta-minerals,north-site,air_quality,BETA-NORTH-AQ-006,sensor_station,2026-09-01T16:18:11.854Z,3,22.1,34.1,0.59,27.7,74.5,False
b15fd1ee-0ee7-47bc-90db-e3b04698166f,1.0,beta-minerals,north-site,air_quality,BETA-NORTH-AQ-007,sensor_station,2026-09-01T16:18:11.854Z,3,15.0,42.8,0.09,31.0,66.4,False
9c975b20-bee3-49fa-8faa-2a287c810b24,1.0,beta-minerals,north-site,air_quality,BETA-NORTH-AQ-008,sensor_station,2026-09-01T16:18:11.854Z,3,8.6,30.0,0.75,28.1,47.0,False
74b1c818-8c95-4ec8-a152-bc34be45408c,1.0,beta-minerals,north-site,air_quality,BETA-NORTH-AQ-009,sensor_station,2026-09-01T16:18:11.854Z,3,9.7,43.4,0.62,27.3,64.6,False
6c361a75-1e8d-4e92-93e3-be2fe5bd100a,1.0,beta-minerals,north-site,air_quality,BETA-NORTH-AQ-010,sensor_station,2026-09-01T16:18:11.854Z,3,13.9,37.7,0.16,21.9,49.1,False
cbabfb10-79f8-4f25-b20c-e12e87770d6f,1.0,beta-minerals,north-site,air_quality,BETA-NORTH-AQ-011,sensor_station,2026-09-01T16:18:11.854Z,3,13.3,38.8,0.39,29.3,62.6,False
7f183663-ee99-4425-ab13-ddd90d88d5d3,1.0,beta-minerals,north-site,air_quality,BETA-NORTH-AQ-012,sensor_station,2026-09-01T16:18:11.854Z,3,13.5,38.7,0.3,25.2,37.9,False
e31446b7-bc76-4ff2-95f4-6c79a081489e,1.0,beta-minerals,north-site,air_quality,BETA-NORTH-AQ-013,sensor_station,2026-09-01T16:18:11.854Z,3,8.6,22.2,0.44,18.4,69.0,False
22a20742-1fdf-458a-b29e-87ac1b1c9953,1.0,beta-minerals,north-site,air_quality,BETA-NORTH-AQ-014,sensor_station,2026-09-01T16:18:11.854Z,3,19.4,27.2,0.59,27.1,40.2,False
40679216-d568-48a8-a351-3961914677e5,1.0,beta-minerals,north-site,air_quality,BETA-NORTH-AQ-015,sensor_station,2026-09-01T16:18:11.854Z,3,18.8,22.6,0.65,20.1,55.4,False
eef447f7-7842-4a05-9bfd-1a572026154f,1.0,beta-minerals,north-site,air_quality,BETA-NORTH-AQ-016,sensor_station,2026-09-01T16:18:11.854Z,3,12.1,24.8,0.69,27.3,32.4,False
550ae054-0cd4-4eba-b3c7-5066ab6f8e6f,1.0,beta-minerals,north-site,air_quality,BETA-NORTH-AQ-017,sensor_station,2026-09-01T16:18:11.854Z,3,85.5,146.2,0.41,32.4,73.6,True
ef07bb14-3d65-40ba-be8f-6b94aa059826,1.0,beta-minerals,north-site,air_quality,BETA-NORTH-AQ-018,sensor_station,2026-09-01T16:18:11.854Z,3,17.4,33.0,0.44,24.0,71.3,False
6eb2624c-4a45-4e16-aafa-1eb38c5165ed,1.0,beta-minerals,north-site,air_quality,BETA-NORTH-AQ-019,sensor_station,2026-09-01T16:18:11.854Z,3,21.9,32.5,0.41,24.1,58.4,False
bbe75107-8410-4332-8d7f-34f43cb48af2,1.0,beta-minerals,north-site,air_quality,BETA-NORTH-AQ-020,sensor_station,2026-09-01T16:18:11.854Z,3,11.6,24.2,0.16,27.7,61.4,False
00f3d218-8a2a-4386-94bf-b7ebd605cc88,1.0,acme-mining,site-01,air_quality,ACME-S01-AQ-001,sensor_station,2026-09-01T16:18:16.854Z,4,19.7,40.0,0.24,27.6,62.9,False
3fc6edd1-f6ef-4491-b8ab-cce2b624b01f,1.0,acme-mining,site-01,air_quality,ACME-S01-AQ-002,sensor_station,2026-09-01T16:18:16.854Z,4,10.9,37.5,0.42,19.9,29.5,False
36e89648-7181-406d-8ac2-6e20fcb55e54,1.0,acme-mining,site-01,air_quality,ACME-S01-AQ-003,sensor_station,2026-09-01T16:18:16.854Z,4,17.2,46.5,0.34,24.5,59.8,False
fd824493-dee5-49f0-8021-10255f83b9fb,1.0,acme-mining,site-01,air_quality,ACME-S01-AQ-004,sensor_station,2026-09-01T16:18:16.854Z,4,13.5,20.9,0.32,29.3,69.0,False
196507cb-8e79-4b77-8964-1766055b292c,1.0,acme-mining,site-01,air_quality,ACME-S01-AQ-005,sensor_station,2026-09-01T16:18:16.854Z,4,11.0,30.0,0.22,33.8,56.7,False
743797cb-35f0-4ab6-a896-0ccc38685756,1.0,acme-mining,site-01,air_quality,ACME-S01-AQ-006,sensor_station,2026-09-01T16:18:16.854Z,4,20.0,33.7,0.07,27.7,74.1,False
c1ab64c0-1661-4e7b-8216-179dd8f0df49,1.0,acme-mining,site-01,air_quality,ACME-S01-AQ-007,sensor_station,2026-09-01T16:18:16.854Z,4,14.0,23.1,0.77,26.5,25.2,False
4733bb49-6e6d-447b-bcd4-cd8403fa0b90,1.0,acme-mining,site-01,air_quality,ACME-S01-AQ-008,sensor_station,2026-09-01T16:18:16.854Z,4,8.4,45.2,0.47,31.7,72.8,False
fc86a989-a349-4652-99a5-453aba39662b,1.0,acme-mining,site-01,air_quality,ACME-S01-AQ-009,sensor_station,2026-09-01T16:18:16.854Z,4,17.9,23.5,0.21,23.5,68.6,False
53e864a8-e522-43cf-ae18-9edc10bd89de,1.0,acme-mining,site-01,air_quality,ACME-S01-AQ-010,sensor_station,2026-09-01T16:18:16.854Z,4,17.6,35.2,0.72,29.3,69.0,False
3640e3e0-518c-4f26-80d2-8def754127c3,1.0,acme-mining,site-01,air_quality,ACME-S01-AQ-011,sensor_station,2026-09-01T16:18:16.854Z,4,10.4,42.6,0.07,18.6,51.9,False
e48b42ea-a892-46ee-b46e-9ae2e4cdecd7,1.0,acme-mining,site-01,air_quality,ACME-S01-AQ-012,sensor_station,2026-09-01T16:18:16.854Z,4,23.1,42.2,0.28,22.7,42.5,False
4de5509d-2ad6-41fe-8467-3da197729d71,1.0,acme-mining,site-01,air_quality,ACME-S01-AQ-013,sensor_station,2026-09-01T16:18:16.854Z,4,16.3,45.0,0.42,27.7,74.9,False
10f49a39-f66e-4613-ab0e-a7ea0cd7cc7f,1.0,acme-mining,site-01,air_quality,ACME-S01-AQ-014,sensor_station,2026-09-01T16:18:16.854Z,4,23.0,45.9,0.46,24.2,47.4,False
73b5e0b6-a812-49ce-b1bd-c753b1e24250,1.0,acme-mining,site-01,air_quality,ACME-S01-AQ-015,sensor_station,2026-09-01T16:18:16.854Z,4,16.9,28.2,0.32,21.8,65.9,False
6c4c2bf7-daa1-4b16-8f04-10cca8d706ca,1.0,acme-mining,site-02,air_quality,ACME-S02-AQ-001,sensor_station,2026-09-01T16:18:16.854Z,4,20.2,40.1,0.27,29.0,35.7,False
09f524f2-6387-46ed-83c1-024eebf151c1,1.0,acme-mining,site-02,air_quality,ACME-S02-AQ-002,sensor_station,2026-09-01T16:18:16.854Z,4,12.9,31.9,0.54,21.7,69.5,False
cf993ba2-4794-42fc-a851-0ba4b24d15a4,1.0,acme-mining,site-02,air_quality,ACME-S02-AQ-003,sensor_station,2026-09-01T16:18:16.854Z,4,11.5,18.7,0.06,31.3,68.0,False
945aa8ee-a47a-4a3b-b30f-4f457dd614d0,1.0,acme-mining,site-02,air_quality,ACME-S02-AQ-004,sensor_station,2026-09-01T16:18:16.854Z,4,23.1,29.7,0.3,33.7,55.1,False
4760c898-edf2-4f93-a21a-0b93061da2cb,1.0,acme-mining,site-02,air_quality,ACME-S02-AQ-005,sensor_station,2026-09-01T16:18:16.854Z,4,15.9,34.8,0.26,33.8,67.9,False
e6e1f2f3-15dd-44b9-b9bd-8209bfafcfb0,1.0,acme-mining,site-02,air_quality,ACME-S02-AQ-006,sensor_station,2026-09-01T16:18:16.854Z,4,17.9,44.5,0.69,27.9,67.9,False
80e38dda-f08c-483c-8c80-b1411de6194d,1.0,acme-mining,site-02,air_quality,ACME-S02-AQ-007,sensor_station,2026-09-01T16:18:16.854Z,4,22.9,27.1,0.34,27.1,33.0,False
3fb960ed-a35f-4c39-91ed-b8b7011511e2,1.0,acme-mining,site-02,air_quality,ACME-S02-AQ-008,sensor_station,2026-09-01T16:18:16.854Z,4,11.4,23.7,0.37,32.0,28.8,False
a841fe97-7261-479b-96a7-3256b4f9d4cf,1.0,acme-mining,site-02,air_quality,ACME-S02-AQ-009,sensor_station,2026-09-01T16:18:16.854Z,4,8.4,41.1,0.72,22.8,38.1,False
f2d91c5c-1a37-4d6e-839f-c22c368768df,1.0,acme-mining,site-02,air_quality,ACME-S02-AQ-010,sensor_station,2026-09-01T16:18:16.854Z,4,22.2,42.0,0.2,32.7,62.2,False
a7842f0d-066a-4454-a1b2-6bfbe938411a,1.0,acme-mining,site-02,air_quality,ACME-S02-AQ-011,sensor_station,2026-09-01T16:18:16.854Z,4,8.5,45.9,0.41,18.2,29.3,False
af2bdb87-e569-469d-8c47-e5806f65b2cb,1.0,acme-mining,site-02,air_quality,ACME-S02-AQ-012,sensor_station,2026-09-01T16:18:16.854Z,4,21.9,35.4,0.47,22.3,60.1,False
2abd7bf9-ec2e-460c-8bfc-774d820a8417,1.0,acme-mining,site-02,air_quality,ACME-S02-AQ-013,sensor_station,2026-09-01T16:18:16.854Z,4,19.7,22.6,0.1,28.8,26.5,False
9430c928-7103-4a8d-ba5e-edea6b05b1a9,1.0,acme-mining,site-02,air_quality,ACME-S02-AQ-014,sensor_station,2026-09-01T16:18:16.854Z,4,21.3,30.4,0.78,27.2,27.2,False
6726c444-25b4-4f66-981e-0d23d154305c,1.0,acme-mining,site-02,air_quality,ACME-S02-AQ-015,sensor_station,2026-09-01T16:18:16.854Z,4,20.3,26.4,0.26,25.7,65.1,False
034e0cd8-af61-4052-9d07-794517e3aad3,1.0,beta-minerals,north-site,air_quality,BETA-NORTH-AQ-001,sensor_station,2026-09-01T16:18:16.854Z,4,19.1,42.3,0.32,26.1,39.7,False
4290ed85-2aa1-4bff-bb47-e6bf0a7f84f2,1.0,beta-minerals,north-site,air_quality,BETA-NORTH-AQ-002,sensor_station,2026-09-01T16:18:16.854Z,4,14.4,42.2,0.23,33.8,40.5,False
86538765-e2e6-4725-b86b-805e46f258dd,1.0,beta-minerals,north-site,air_quality,BETA-NORTH-AQ-003,sensor_station,2026-09-01T16:18:16.854Z,4,11.9,22.5,0.17,19.3,54.4,False
545468c1-b9e2-4343-8dea-5b345a788634,1.0,beta-minerals,north-site,air_quality,BETA-NORTH-AQ-004,sensor_station,2026-09-01T16:18:16.854Z,4,9.7,31.5,0.16,19.2,63.5,False
409c7b02-4418-4731-9345-6f174e64d329,1.0,beta-minerals,north-site,air_quality,BETA-NORTH-AQ-005,sensor_station,2026-09-01T16:18:16.854Z,4,17.3,39.6,0.38,20.0,57.2,False
d9dd7463-deaa-4c6f-8c9c-7f7ff912f9a6,1.0,beta-minerals,north-site,air_quality,BETA-NORTH-AQ-006,sensor_station,2026-09-01T16:18:16.854Z,4,16.8,35.6,0.75,21.4,48.7,False
516aa5c0-9032-4a85-9282-6610128afdab,1.0,beta-minerals,north-site,air_quality,BETA-NORTH-AQ-007,sensor_station,2026-09-01T16:18:16.854Z,4,57.3,112.2,0.69,22.0,34.3,True
c25a6268-643d-429c-8298-dc86c2b41f8a,1.0,beta-minerals,north-site,air_quality,BETA-NORTH-AQ-008,sensor_station,2026-09-01T16:18:16.854Z,4,18.5,29.9,0.58,23.2,31.6,False
a2ed954c-dcf8-4e2f-be3e-7c8b770717fd,1.0,beta-minerals,north-site,air_quality,BETA-NORTH-AQ-009,sensor_station,2026-09-01T16:18:16.854Z,4,23.5,30.7,0.29,32.6,53.3,False
2d0332db-76e9-4c2e-9e17-595be34796e4,1.0,beta-minerals,north-site,air_quality,BETA-NORTH-AQ-010,sensor_station,2026-09-01T16:18:16.854Z,4,8.1,41.5,0.77,24.7,49.3,False
5c56788c-f5b7-4e3f-a633-d3caa4b20fac,1.0,beta-minerals,north-site,air_quality,BETA-NORTH-AQ-011,sensor_station,2026-09-01T16:18:16.854Z,4,10.4,44.5,0.23,27.7,72.9,False
079a0907-8fe5-4d95-accd-5b1dec01169a,1.0,beta-minerals,north-site,air_quality,BETA-NORTH-AQ-012,sensor_station,2026-09-01T16:18:16.854Z,4,19.5,30.5,0.63,28.1,60.6,False
31ef687f-04b1-4ee1-bfb6-1be20f1830c8,1.0,beta-minerals,north-site,air_quality,BETA-NORTH-AQ-013,sensor_station,2026-09-01T16:18:16.854Z,4,14.0,18.1,0.41,31.2,50.1,False
e6b82fa7-542a-40b8-bdb5-d381eef1bf42,1.0,beta-minerals,north-site,air_quality,BETA-NORTH-AQ-014,sensor_station,2026-09-01T16:18:16.854Z,4,13.3,37.8,0.6,26.1,51.5,False
b83a35f8-0f20-4164-af86-df11a684c1f9,1.0,beta-minerals,north-site,air_quality,BETA-NORTH-AQ-015,sensor_station,2026-09-01T16:18:16.854Z,4,23.9,36.4,0.51,25.0,72.5,False
f8a1b2f1-eeef-43d2-82db-be38302dbc1c,1.0,beta-minerals,north-site,air_quality,BETA-NORTH-AQ-016,sensor_station,2026-09-01T16:18:16.854Z,4,15.3,39.6,0.46,26.6,62.8,False
1e24e4e6-7d94-44b8-8d8f-cc022746b6ce,1.0,beta-minerals,north-site,air_quality,BETA-NORTH-AQ-017,sensor_station,2026-09-01T16:18:16.854Z,4,76.9,165.4,0.41,32.1,71.5,True
5078e71c-9056-48e1-a380-d6b4e1c08554,1.0,beta-minerals,north-site,air_quality,BETA-NORTH-AQ-018,sensor_station,2026-09-01T16:18:16.854Z,4,17.7,24.9,0.29,27.5,47.5,False
5dffc59f-e9c7-4a83-ba21-fd05d507f870,1.0,beta-minerals,north-site,air_quality,BETA-NORTH-AQ-019,sensor_station,2026-09-01T16:18:16.854Z,4,18.4,19.2,0.22,32.5,37.7,False
4d8875c2-5a33-4c4f-ad21-54223d7ad65a,1.0,beta-minerals,north-site,air_quality,BETA-NORTH-AQ-020,sensor_station,2026-09-01T16:18:16.854Z,4,16.5,19.2,0.76,25.2,44.8,False
b0884b23-aa97-4589-b530-59a7aafbb70b,1.0,acme-mining,site-01,air_quality,ACME-S01-AQ-001,sensor_station,2026-09-01T16:18:21.854Z,5,22.7,36.4,0.43,30.1,41.4,False
a5a8dc70-1185-4c4d-9011-7e190d3487a4,1.0,acme-mining,site-01,air_quality,ACME-S01-AQ-002,sensor_station,2026-09-01T16:18:21.854Z,5,15.4,33.0,0.36,26.8,68.2,False
f79c70e3-809c-4bbe-9e57-14fe8e519127,1.0,acme-mining,site-01,air_quality,ACME-S01-AQ-003,sensor_station,2026-09-01T16:18:21.854Z,5,8.2,23.5,0.67,34.0,26.5,False
8336bea6-500e-4ac1-9b7c-1fea5d47c44b,1.0,acme-mining,site-01,air_quality,ACME-S01-AQ-004,sensor_station,2026-09-01T16:18:21.854Z,5,20.5,21.4,0.15,27.6,71.2,False
32dd9e1f-7d8b-4385-be35-8c779e9f850c,1.0,acme-mining,site-01,air_quality,ACME-S01-AQ-005,sensor_station,2026-09-01T16:18:21.854Z,5,14.0,32.2,0.58,22.2,39.2,False
d885a431-bb18-4e75-b3a0-3222a0f0cd65,1.0,acme-mining,site-01,air_quality,ACME-S01-AQ-006,sensor_station,2026-09-01T16:18:21.854Z,5,9.9,39.7,0.36,18.0,56.1,False
a7d78979-b86b-4728-8a94-c18929422c84,1.0,acme-mining,site-01,air_quality,ACME-S01-AQ-007,sensor_station,2026-09-01T16:18:21.854Z,5,13.9,41.8,0.15,18.9,40.6,False
a67a71c1-d071-4526-8e3a-c1651033fc46,1.0,acme-mining,site-01,air_quality,ACME-S01-AQ-008,sensor_station,2026-09-01T16:18:21.854Z,5,10.0,33.8,0.63,22.6,52.0,False
ba68060a-a841-4752-a7e6-98e6cc7ba562,1.0,acme-mining,site-01,air_quality,ACME-S01-AQ-009,sensor_station,2026-09-01T16:18:21.854Z,5,14.4,32.3,0.68,27.4,62.8,False
481fb215-8427-4308-953c-98dc55da366c,1.0,acme-mining,site-01,air_quality,ACME-S01-AQ-010,sensor_station,2026-09-01T16:18:21.854Z,5,10.7,39.7,0.76,27.7,50.3,False
c46fb8a8-a339-44c1-9f74-6a19fd47d176,1.0,acme-mining,site-01,air_quality,ACME-S01-AQ-011,sensor_station,2026-09-01T16:18:21.854Z,5,15.2,28.1,0.36,19.5,71.7,False
2b6caec0-bc51-4b5e-acc3-d1c0a6b6a801,1.0,acme-mining,site-01,air_quality,ACME-S01-AQ-012,sensor_station,2026-09-01T16:18:21.854Z,5,21.7,26.8,0.44,24.5,62.4,False
533acf04-5834-4ea1-a440-376b6dadcb3f,1.0,acme-mining,site-01,air_quality,ACME-S01-AQ-013,sensor_station,2026-09-01T16:18:21.854Z,5,18.1,41.3,0.3,25.9,44.8,False
51f313da-0aaa-470f-ad35-37e3fc9b5a64,1.0,acme-mining,site-01,air_quality,ACME-S01-AQ-014,sensor_station,2026-09-01T16:18:21.854Z,5,20.7,19.4,0.57,19.9,31.4,False
8d1425c2-7a24-4cd7-965d-edaf39cbcf12,1.0,acme-mining,site-01,air_quality,ACME-S01-AQ-015,sensor_station,2026-09-01T16:18:21.854Z,5,8.3,19.3,0.19,33.8,51.0,False
e9b59c2d-16f0-4e40-b025-d3a374ad0ebe,1.0,acme-mining,site-02,air_quality,ACME-S02-AQ-001,sensor_station,2026-09-01T16:18:21.854Z,5,16.4,42.2,0.18,26.7,65.8,False
6dbc4c0e-d330-47ff-a876-1ff861e2285f,1.0,acme-mining,site-02,air_quality,ACME-S02-AQ-002,sensor_station,2026-09-01T16:18:21.854Z,5,11.0,19.9,0.2,20.3,67.1,False
5d1a45b6-d00f-4bc2-8bdf-e02a524f8a47,1.0,acme-mining,site-02,air_quality,ACME-S02-AQ-003,sensor_station,2026-09-01T16:18:21.854Z,5,68.2,110.6,0.12,21.9,38.1,True
db50aec9-8329-4ce0-a285-ba09bf0e3cc8,1.0,acme-mining,site-02,air_quality,ACME-S02-AQ-004,sensor_station,2026-09-01T16:18:21.854Z,5,19.5,31.9,0.07,20.6,48.6,False
ddcc37cf-2cda-4f15-b319-366291ab4d58,1.0,acme-mining,site-02,air_quality,ACME-S02-AQ-005,sensor_station,2026-09-01T16:18:21.854Z,5,9.4,31.7,0.64,32.4,49.0,False
d8d94170-c649-4225-b6a7-fbbc19b44a0d,1.0,acme-mining,site-02,air_quality,ACME-S02-AQ-006,sensor_station,2026-09-01T16:18:21.854Z,5,19.9,28.9,0.52,25.7,43.9,False
c0dc1841-d17e-46bd-903d-861c52f248da,1.0,acme-mining,site-02,air_quality,ACME-S02-AQ-007,sensor_station,2026-09-01T16:18:21.854Z,5,23.1,27.8,0.51,26.2,63.8,False
0899ec1b-e3af-4ce3-8b7a-51180ac6f4ea,1.0,acme-mining,site-02,air_quality,ACME-S02-AQ-008,sensor_station,2026-09-01T16:18:21.854Z,5,15.3,45.0,0.47,29.7,44.6,False
3f7ec603-a43e-453c-975c-a3d6a3fd05aa,1.0,acme-mining,site-02,air_quality,ACME-S02-AQ-009,sensor_station,2026-09-01T16:18:21.854Z,5,10.9,31.2,0.14,25.5,28.2,False
c2da0d24-0643-4f0f-98cc-a5004dbb1443,1.0,acme-mining,site-02,air_quality,ACME-S02-AQ-010,sensor_station,2026-09-01T16:18:21.854Z,5,11.2,41.6,0.6,32.8,57.8,False
bfd7b78f-605c-4a23-b385-a23f36146c2e,1.0,acme-mining,site-02,air_quality,ACME-S02-AQ-011,sensor_station,2026-09-01T16:18:21.854Z,5,23.3,45.8,0.29,20.8,53.8,False
4abf8640-d398-4aac-b85c-3198e0d62669,1.0,acme-mining,site-02,air_quality,ACME-S02-AQ-012,sensor_station,2026-09-01T16:18:21.854Z,5,17.8,40.2,0.71,33.3,61.6,False
67e3dc99-eb39-497e-aaac-30343d90e7a6,1.0,acme-mining,site-02,air_quality,ACME-S02-AQ-013,sensor_station,2026-09-01T16:18:21.854Z,5,18.5,35.6,0.53,21.8,52.5,False
af38d3bc-e9e6-4df9-90e6-c1f648253cf1,1.0,acme-mining,site-02,air_quality,ACME-S02-AQ-014,sensor_station,2026-09-01T16:18:21.854Z,5,10.7,37.6,0.58,21.9,53.9,False
e539d6db-eb8f-4ab1-a097-0a6e5060c014,1.0,acme-mining,site-02,air_quality,ACME-S02-AQ-015,sensor_station,2026-09-01T16:18:21.854Z,5,11.3,34.7,0.28,24.7,49.5,False
917b5fa6-e5a8-4d55-9d67-0156750c4cc9,1.0,beta-minerals,north-site,air_quality,BETA-NORTH-AQ-001,sensor_station,2026-09-01T16:18:21.854Z,5,19.1,32.2,0.35,30.2,55.7,False
a682f025-3649-4b2f-949d-ecfcc4b4df83,1.0,beta-minerals,north-site,air_quality,BETA-NORTH-AQ-002,sensor_station,2026-09-01T16:18:21.854Z,5,9.7,23.3,0.58,19.6,43.6,False
6c886456-02a8-4bfa-809d-1d605db40236,1.0,beta-minerals,north-site,air_quality,BETA-NORTH-AQ-003,sensor_station,2026-09-01T16:18:21.854Z,5,16.1,46.7,0.45,26.3,44.4,False
7a667377-fabb-4106-91e2-f7d426d271a4,1.0,beta-minerals,north-site,air_quality,BETA-NORTH-AQ-004,sensor_station,2026-09-01T16:18:21.854Z,5,20.2,47.4,0.06,25.6,50.8,False
34afdda5-7f71-4cef-b0e4-3f141b9ae1c4,1.0,beta-minerals,north-site,air_quality,BETA-NORTH-AQ-005,sensor_station,2026-09-01T16:18:21.854Z,5,19.4,47.7,0.15,32.0,33.6,False
c4fb517e-f827-44b7-9b4b-ef1942b9740f,1.0,beta-minerals,north-site,air_quality,BETA-NORTH-AQ-006,sensor_station,2026-09-01T16:18:21.854Z,5,23.1,31.3,0.64,18.2,65.1,False
478296f7-1a9f-4bad-a6e4-cff64a72cec7,1.0,beta-minerals,north-site,air_quality,BETA-NORTH-AQ-007,sensor_station,2026-09-01T16:18:21.854Z,5,23.9,30.3,0.25,20.6,65.6,False
1a49d331-6f80-4bcc-a858-ed5642191a50,1.0,beta-minerals,north-site,air_quality,BETA-NORTH-AQ-008,sensor_station,2026-09-01T16:18:21.854Z,5,19.7,45.6,0.09,26.5,36.4,False
e07309d8-97de-47da-a944-c5580f5ed6dc,1.0,beta-minerals,north-site,air_quality,BETA-NORTH-AQ-009,sensor_station,2026-09-01T16:18:21.854Z,5,15.7,24.8,0.31,27.4,44.3,False
364fb564-3794-4501-87da-ebceedfbddb6,1.0,beta-minerals,north-site,air_quality,BETA-NORTH-AQ-010,sensor_station,2026-09-01T16:18:21.854Z,5,8.8,34.6,0.78,28.2,43.4,False
a717a319-1a5a-4d34-adec-558f678c9bc7,1.0,beta-minerals,north-site,air_quality,BETA-NORTH-AQ-011,sensor_station,2026-09-01T16:18:21.854Z,5,16.2,27.3,0.14,26.9,62.6,False
78fd44db-6721-4216-baca-aa748282334d,1.0,beta-minerals,north-site,air_quality,BETA-NORTH-AQ-012,sensor_station,2026-09-01T16:18:21.854Z,5,22.1,28.9,0.61,33.2,27.4,False
a0e38b50-bff7-4d1a-8af6-f5f286f7e1bc,1.0,beta-minerals,north-site,air_quality,BETA-NORTH-AQ-013,sensor_station,2026-09-01T16:18:21.854Z,5,14.9,27.2,0.33,28.4,41.9,False
b0ca6009-2e69-4435-9750-f0a12ad1e327,1.0,beta-minerals,north-site,air_quality,BETA-NORTH-AQ-014,sensor_station,2026-09-01T16:18:21.854Z,5,11.1,44.4,0.13,33.1,32.7,False
577e1908-b327-4b82-b9cc-eae8003c7283,1.0,beta-minerals,north-site,air_quality,BETA-NORTH-AQ-015,sensor_station,2026-09-01T16:18:21.854Z,5,15.2,41.1,0.51,29.8,73.9,False
f6944a57-335e-4771-8d91-8e32e7d8d396,1.0,beta-minerals,north-site,air_quality,BETA-NORTH-AQ-016,sensor_station,2026-09-01T16:18:21.854Z,5,17.9,42.5,0.11,25.0,63.7,False
78366497-0c43-4bcc-92b9-8b6c956e0a4e,1.0,beta-minerals,north-site,air_quality,BETA-NORTH-AQ-017,sensor_station,2026-09-01T16:18:21.854Z,5,11.9,26.8,0.53,29.9,49.5,False
01a5148d-3d2e-4d8b-9e1c-0e7e8e821876,1.0,beta-minerals,north-site,air_quality,BETA-NORTH-AQ-018,sensor_station,2026-09-01T16:18:21.854Z,5,68.3,121.9,0.1,25.6,60.7,True
ca40a55f-3f48-4de5-8862-45495a798c3d,1.0,beta-minerals,north-site,air_quality,BETA-NORTH-AQ-019,sensor_station,2026-09-01T16:18:21.854Z,5,9.0,43.4,0.51,24.2,37.3,False
371eb46b-172a-4704-aa5e-b5bc1db2d08e,1.0,beta-minerals,north-site,air_quality,BETA-NORTH-AQ-020,sensor_station,2026-09-01T16:18:21.854Z,5,56.2,152.6,0.64,21.7,61.0,True
12629923-4f32-4735-932b-d5191b2e131e,1.0,acme-mining,site-01,air_quality,ACME-S01-AQ-001,sensor_station,2026-09-01T16:18:26.854Z,6,9.2,39.2,0.32,28.7,50.0,False
cb021ade-d47b-4040-a55e-1803968a3668,1.0,acme-mining,site-01,air_quality,ACME-S01-AQ-002,sensor_station,2026-09-01T16:18:26.854Z,6,85.2,164.5,0.34,29.0,58.8,True
b838bfee-a58b-4687-a855-f641c7b80316,1.0,acme-mining,site-01,air_quality,ACME-S01-AQ-003,sensor_station,2026-09-01T16:18:26.854Z,6,20.7,30.0,0.58,29.5,74.5,False
e9aa0f1d-f993-442a-82ec-c8485a4e89d3,1.0,acme-mining,site-01,air_quality,ACME-S01-AQ-004,sensor_station,2026-09-01T16:18:26.854Z,6,23.1,45.5,0.3,21.2,73.4,False
efbc9a33-70f4-41e1-9c90-e00c18003ee2,1.0,acme-mining,site-01,air_quality,ACME-S01-AQ-005,sensor_station,2026-09-01T16:18:26.854Z,6,17.0,47.7,0.25,24.2,61.4,False
81337450-bcfd-4dbd-9f21-dc8dc0e1ff50,1.0,acme-mining,site-01,air_quality,ACME-S01-AQ-006,sensor_station,2026-09-01T16:18:26.854Z,6,14.1,42.2,0.37,32.5,31.3,False
6490b621-f294-4567-8026-20bc8ccdb7f0,1.0,acme-mining,site-01,air_quality,ACME-S01-AQ-007,sensor_station,2026-09-01T16:18:26.854Z,6,12.6,18.7,0.57,18.1,41.6,False
ebc4de35-f42b-423d-be41-28560d03d92d,1.0,acme-mining,site-01,air_quality,ACME-S01-AQ-008,sensor_station,2026-09-01T16:18:26.854Z,6,17.9,46.2,0.43,31.0,34.3,False
f9458fc7-ee98-4b3a-982d-118117fab86d,1.0,acme-mining,site-01,air_quality,ACME-S01-AQ-009,sensor_station,2026-09-01T16:18:26.854Z,6,10.3,41.6,0.33,24.1,40.1,False
71409425-e18f-4b48-975f-8fbafaeeffaa,1.0,acme-mining,site-01,air_quality,ACME-S01-AQ-010,sensor_station,2026-09-01T16:18:26.854Z,6,9.8,45.7,0.06,31.9,38.8,False
7965fdaa-a97a-4872-905f-069ea5bb5243,1.0,acme-mining,site-01,air_quality,ACME-S01-AQ-011,sensor_station,2026-09-01T16:18:26.854Z,6,20.4,35.7,0.14,20.9,31.1,False
4d29b21d-6064-4387-bedb-a095a0821006,1.0,acme-mining,site-01,air_quality,ACME-S01-AQ-012,sensor_station,2026-09-01T16:18:26.854Z,6,8.8,38.0,0.25,26.7,34.8,False
40116cb0-b07a-486a-9752-2d2a384954ff,1.0,acme-mining,site-01,air_quality,ACME-S01-AQ-013,sensor_station,2026-09-01T16:18:26.854Z,6,10.5,30.5,0.14,30.4,69.3,False
2f32d2b4-552e-42e2-8630-58bc771872f3,1.0,acme-mining,site-01,air_quality,ACME-S01-AQ-014,sensor_station,2026-09-01T16:18:26.854Z,6,21.0,31.6,0.36,28.5,47.9,False
807d6a8e-926c-44e3-a8b6-38176977ee8b,1.0,acme-mining,site-01,air_quality,ACME-S01-AQ-015,sensor_station,2026-09-01T16:18:26.854Z,6,22.5,45.1,0.07,28.3,61.5,False
d94847e9-d16b-43dd-aa52-3347c33c8a44,1.0,acme-mining,site-02,air_quality,ACME-S02-AQ-001,sensor_station,2026-09-01T16:18:26.854Z,6,14.4,46.4,0.35,23.0,62.3,False
fc70ddc2-e8ca-4afb-a882-c1d0207dd709,1.0,acme-mining,site-02,air_quality,ACME-S02-AQ-002,sensor_station,2026-09-01T16:18:26.854Z,6,19.6,24.5,0.54,19.8,32.0,False
98ae4c53-7ee6-45d2-ac13-fc2e8c3dea4f,1.0,acme-mining,site-02,air_quality,ACME-S02-AQ-003,sensor_station,2026-09-01T16:18:26.854Z,6,20.9,23.4,0.19,18.3,59.5,False
a6b91e82-5479-44d2-bfa2-3bf59e41bb60,1.0,acme-mining,site-02,air_quality,ACME-S02-AQ-004,sensor_station,2026-09-01T16:18:26.854Z,6,62.6,178.1,0.26,25.8,50.6,True
1b232e1c-947d-4644-849f-c3e6f8e888d9,1.0,acme-mining,site-02,air_quality,ACME-S02-AQ-005,sensor_station,2026-09-01T16:18:26.854Z,6,20.4,39.0,0.13,25.5,55.7,False
1f6033d1-5a72-4f2e-80d5-71a3988d327d,1.0,acme-mining,site-02,air_quality,ACME-S02-AQ-006,sensor_station,2026-09-01T16:18:26.854Z,6,20.2,35.6,0.5,27.8,53.8,False
fab7ed79-2aa9-471e-8eef-9bdb78779399,1.0,acme-mining,site-02,air_quality,ACME-S02-AQ-007,sensor_station,2026-09-01T16:18:26.854Z,6,18.4,33.4,0.2,29.8,26.0,False
ab70fcb4-70ae-4150-aed3-5d5c8c951fc3,1.0,acme-mining,site-02,air_quality,ACME-S02-AQ-008,sensor_station,2026-09-01T16:18:26.854Z,6,14.9,30.3,0.6,29.9,60.3,False
5b5d8a5a-df82-46d5-b39e-35aafb9d4d77,1.0,acme-mining,site-02,air_quality,ACME-S02-AQ-009,sensor_station,2026-09-01T16:18:26.854Z,6,13.6,23.9,0.17,23.4,52.2,False
fd0e1455-fee4-4648-ae3d-1f555cddb475,1.0,acme-mining,site-02,air_quality,ACME-S02-AQ-010,sensor_station,2026-09-01T16:18:26.854Z,6,9.5,27.7,0.08,31.0,38.5,False
572ba52d-63ed-4256-8768-b8b6f1e8d068,1.0,acme-mining,site-02,air_quality,ACME-S02-AQ-011,sensor_station,2026-09-01T16:18:26.854Z,6,22.4,34.5,0.05,23.7,59.5,False
53088e1d-5a4b-4f7e-b66b-395af300f517,1.0,acme-mining,site-02,air_quality,ACME-S02-AQ-012,sensor_station,2026-09-01T16:18:26.854Z,6,21.5,36.5,0.54,27.0,55.6,False
d3f86b69-28a4-46dd-a352-0b67152bd889,1.0,acme-mining,site-02,air_quality,ACME-S02-AQ-013,sensor_station,2026-09-01T16:18:26.854Z,6,14.4,38.9,0.17,25.3,46.8,False
a14ab14f-bffe-40ea-9e4f-80a856c69904,1.0,acme-mining,site-02,air_quality,ACME-S02-AQ-014,sensor_station,2026-09-01T16:18:26.854Z,6,11.6,43.3,0.79,21.3,68.6,False
93c62264-ce11-4e03-b33f-d4ddfc494ad2,1.0,acme-mining,site-02,air_quality,ACME-S02-AQ-015,sensor_station,2026-09-01T16:18:26.854Z,6,14.2,41.7,0.77,21.4,49.2,False
14202f0e-a129-4f26-943e-23fe768276b7,1.0,beta-minerals,north-site,air_quality,BETA-NORTH-AQ-001,sensor_station,2026-09-01T16:18:26.854Z,6,10.0,31.9,0.8,32.5,50.0,False
914a08b9-6f3c-43ae-a884-5af8a3d7ffb9,1.0,beta-minerals,north-site,air_quality,BETA-NORTH-AQ-002,sensor_station,2026-09-01T16:18:26.854Z,6,15.3,18.7,0.61,25.0,57.9,False
65f8cb16-ef2f-4979-839e-8ed5bac603a1,1.0,beta-minerals,north-site,air_quality,BETA-NORTH-AQ-003,sensor_station,2026-09-01T16:18:26.854Z,6,23.6,21.3,0.07,22.7,67.3,False
61feb716-4dff-4b8a-a811-a722da487609,1.0,beta-minerals,north-site,air_quality,BETA-NORTH-AQ-004,sensor_station,2026-09-01T16:18:26.854Z,6,15.0,19.3,0.35,29.8,63.2,False
25abfec4-fa70-484f-b7f8-54b52e22a16c,1.0,beta-minerals,north-site,air_quality,BETA-NORTH-AQ-005,sensor_station,2026-09-01T16:18:26.854Z,6,20.3,46.3,0.2,27.7,61.5,False
bf0119bf-d9b2-47bb-973f-814393719a5f,1.0,beta-minerals,north-site,air_quality,BETA-NORTH-AQ-006,sensor_station,2026-09-01T16:18:26.854Z,6,11.2,27.8,0.22,26.6,50.5,False
001f9240-a3c5-4b5d-a3c9-ed381d25d5ee,1.0,beta-minerals,north-site,air_quality,BETA-NORTH-AQ-007,sensor_station,2026-09-01T16:18:26.854Z,6,23.1,19.2,0.17,21.6,73.3,False
4e58a03d-a987-4d50-9fda-323e42e5bcdf,1.0,beta-minerals,north-site,air_quality,BETA-NORTH-AQ-008,sensor_station,2026-09-01T16:18:26.854Z,6,12.4,23.6,0.59,18.2,28.3,False
c3a3cf2f-0ca4-4ac5-8a6d-1c4ec8c4ff5c,1.0,beta-minerals,north-site,air_quality,BETA-NORTH-AQ-009,sensor_station,2026-09-01T16:18:26.854Z,6,19.9,32.8,0.75,20.4,25.7,False
7f7d48e6-b273-4c41-8152-2deba6013774,1.0,beta-minerals,north-site,air_quality,BETA-NORTH-AQ-010,sensor_station,2026-09-01T16:18:26.854Z,6,8.0,24.2,0.21,19.0,25.9,False
34d9fda2-930a-4a33-8b63-62aae97cdb8b,1.0,beta-minerals,north-site,air_quality,BETA-NORTH-AQ-011,sensor_station,2026-09-01T16:18:26.854Z,6,12.0,26.8,0.59,24.5,37.0,False
6371f7c9-4b7d-4983-87f3-6d97d350e3cf,1.0,beta-minerals,north-site,air_quality,BETA-NORTH-AQ-012,sensor_station,2026-09-01T16:18:26.854Z,6,8.1,33.5,0.48,30.5,75.0,False
b0be2d42-094f-44ec-b3bc-defab773985e,1.0,beta-minerals,north-site,air_quality,BETA-NORTH-AQ-013,sensor_station,2026-09-01T16:18:26.854Z,6,9.9,41.9,0.07,33.3,67.5,False
76c1d0c9-28aa-437d-8e51-6018c4aec0fb,1.0,beta-minerals,north-site,air_quality,BETA-NORTH-AQ-014,sensor_station,2026-09-01T16:18:26.854Z,6,20.0,36.8,0.67,20.2,49.7,False
e93294f1-ad4b-4c1a-ab2d-b956f9a8513a,1.0,beta-minerals,north-site,air_quality,BETA-NORTH-AQ-015,sensor_station,2026-09-01T16:18:26.854Z,6,19.9,35.5,0.45,30.4,61.3,False
c0d3b2be-4dbb-4eef-b1f3-72a6189b5673,1.0,beta-minerals,north-site,air_quality,BETA-NORTH-AQ-016,sensor_station,2026-09-01T16:18:26.854Z,6,17.9,29.6,0.46,29.7,40.0,False
91abf578-dbc4-44cc-8793-35fa9868a223,1.0,beta-minerals,north-site,air_quality,BETA-NORTH-AQ-017,sensor_station,2026-09-01T16:18:26.854Z,6,23.2,46.3,0.7,26.8,49.0,False
6db51744-3e05-42e8-9d95-83419e8bbb44,1.0,beta-minerals,north-site,air_quality,BETA-NORTH-AQ-018,sensor_station,2026-09-01T16:18:26.854Z,6,11.9,19.5,0.74,31.1,73.6,False
40d9f7a4-8b1b-46aa-8231-5e4b09e2beb3,1.0,beta-minerals,north-site,air_quality,BETA-NORTH-AQ-019,sensor_station,2026-09-01T16:18:26.854Z,6,18.9,25.5,0.14,19.5,66.8,False
e7d7ed8f-49e7-48cc-a4e1-4aa34e080b12,1.0,beta-minerals,north-site,air_quality,BETA-NORTH-AQ-020,sensor_station,2026-09-01T16:18:26.854Z,6,9.3,20.9,0.71,23.1,58.1,False
099546f6-cba4-42db-9533-a16b31816ad9,1.0,acme-mining,site-01,air_quality,ACME-S01-AQ-001,sensor_station,2026-09-01T16:18:31.854Z,7,11.9,34.7,0.45,33.3,26.6,False
8392bced-d36a-4b45-a2a8-04e2fb58daa4,1.0,acme-mining,site-01,air_quality,ACME-S01-AQ-002,sensor_station,2026-09-01T16:18:31.854Z,7,22.9,25.8,0.17,23.6,61.4,False
abd35dc3-5f5b-467c-8759-3a978b66952d,1.0,acme-mining,site-01,air_quality,ACME-S01-AQ-003,sensor_station,2026-09-01T16:18:31.854Z,7,16.8,21.3,0.5,29.8,36.2,False
b7e1ab8f-bcad-46f6-a1e4-d52158ccc665,1.0,acme-mining,site-01,air_quality,ACME-S01-AQ-004,sensor_station,2026-09-01T16:18:31.854Z,7,10.5,40.7,0.19,31.8,33.0,False
caaa1c4a-c30b-4bce-91fa-e618ee56283f,1.0,acme-mining,site-01,air_quality,ACME-S01-AQ-005,sensor_station,2026-09-01T16:18:31.854Z,7,21.2,24.7,0.54,22.8,63.6,False
50f2aa2b-cb08-4970-9774-50516cf721b5,1.0,acme-mining,site-01,air_quality,ACME-S01-AQ-006,sensor_station,2026-09-01T16:18:31.854Z,7,9.0,42.9,0.59,25.2,57.3,False
55809903-76fe-4c5d-bba4-70c5a4d87c0e,1.0,acme-mining,site-01,air_quality,ACME-S01-AQ-007,sensor_station,2026-09-01T16:18:31.854Z,7,15.3,23.0,0.53,23.7,35.3,False
9692d04c-99b0-42a8-97e3-5e2d6f45a21c,1.0,acme-mining,site-01,air_quality,ACME-S01-AQ-008,sensor_station,2026-09-01T16:18:31.854Z,7,18.0,36.8,0.33,25.2,25.0,False
a08f6fed-49c0-41a6-a37a-5eb3c0a713cb,1.0,acme-mining,site-01,air_quality,ACME-S01-AQ-009,sensor_station,2026-09-01T16:18:31.854Z,7,15.0,42.5,0.36,25.9,43.2,False
9c18a2a8-bfa3-47c5-a981-13a5177eaf33,1.0,acme-mining,site-01,air_quality,ACME-S01-AQ-010,sensor_station,2026-09-01T16:18:31.854Z,7,21.9,23.1,0.46,28.6,71.1,False
44ca1b29-e83a-45f2-8394-c71fbbb05cb7,1.0,acme-mining,site-01,air_quality,ACME-S01-AQ-011,sensor_station,2026-09-01T16:18:31.854Z,7,21.5,23.2,0.08,21.0,28.9,False
aa05ef86-9031-43fc-8262-63280b6adea5,1.0,acme-mining,site-01,air_quality,ACME-S01-AQ-012,sensor_station,2026-09-01T16:18:31.854Z,7,21.2,27.0,0.66,27.9,39.0,False
c200dfea-7e11-4e54-bf2c-ea5f2bb279e8,1.0,acme-mining,site-01,air_quality,ACME-S01-AQ-013,sensor_station,2026-09-01T16:18:31.854Z,7,22.6,35.5,0.18,20.5,72.9,False
78242a62-8e84-4a19-bc27-4eb009a1809c,1.0,acme-mining,site-01,air_quality,ACME-S01-AQ-014,sensor_station,2026-09-01T16:18:31.854Z,7,10.8,46.7,0.23,19.1,32.7,False
91c28ea2-52d7-42d3-bccd-93ff1890183e,1.0,acme-mining,site-01,air_quality,ACME-S01-AQ-015,sensor_station,2026-09-01T16:18:31.854Z,7,18.4,27.9,0.69,19.0,55.9,False
5165de57-d78f-47da-ae48-a63ba2fc7043,1.0,acme-mining,site-02,air_quality,ACME-S02-AQ-001,sensor_station,2026-09-01T16:18:31.854Z,7,18.3,32.0,0.26,19.2,52.0,False
f673e4a1-50fb-48f9-9461-ae7b2188aade,1.0,acme-mining,site-02,air_quality,ACME-S02-AQ-002,sensor_station,2026-09-01T16:18:31.854Z,7,17.5,21.4,0.5,32.3,67.9,False
ef7be4e9-0d4f-4c9f-8e2b-2503028c1547,1.0,acme-mining,site-02,air_quality,ACME-S02-AQ-003,sensor_station,2026-09-01T16:18:31.854Z,7,15.6,29.8,0.06,18.5,31.7,False
1ca3c59f-afdb-4536-a7bd-4a9851ebf85f,1.0,acme-mining,site-02,air_quality,ACME-S02-AQ-004,sensor_station,2026-09-01T16:18:31.854Z,7,77.2,166.3,0.8,24.7,58.6,True
5527ad3c-f03d-4fb9-a72a-3496229b3287,1.0,acme-mining,site-02,air_quality,ACME-S02-AQ-005,sensor_station,2026-09-01T16:18:31.854Z,7,12.5,24.6,0.65,24.1,57.5,False
ee44c354-055f-4931-9308-5b6bd6731ffe,1.0,acme-mining,site-02,air_quality,ACME-S02-AQ-006,sensor_station,2026-09-01T16:18:31.854Z,7,13.3,33.7,0.67,25.8,25.3,False
4ea6c371-ae96-4eab-aec4-e0502327890a,1.0,acme-mining,site-02,air_quality,ACME-S02-AQ-007,sensor_station,2026-09-01T16:18:31.854Z,7,19.8,26.9,0.55,28.5,39.9,False
3d1d1f9d-8a3c-4fe6-94a8-8a789ffc8b02,1.0,acme-mining,site-02,air_quality,ACME-S02-AQ-008,sensor_station,2026-09-01T16:18:31.854Z,7,14.0,30.2,0.06,19.4,71.3,False
6a5bcd26-65cd-425b-816a-0f5f2487dcb4,1.0,acme-mining,site-02,air_quality,ACME-S02-AQ-009,sensor_station,2026-09-01T16:18:31.854Z,7,15.3,25.5,0.19,32.6,53.5,False
1d4ecab2-3e1b-4e0f-ba7a-74a1ecf16c52,1.0,acme-mining,site-02,air_quality,ACME-S02-AQ-010,sensor_station,2026-09-01T16:18:31.854Z,7,21.1,39.1,0.24,24.0,63.1,False
92675659-794f-4c7d-acd8-61c76fdfc869,1.0,acme-mining,site-02,air_quality,ACME-S02-AQ-011,sensor_station,2026-09-01T16:18:31.854Z,7,68.1,119.3,0.62,29.0,27.1,True
6bb9458c-55f9-456c-91fd-740d748c9e64,1.0,acme-mining,site-02,air_quality,ACME-S02-AQ-012,sensor_station,2026-09-01T16:18:31.854Z,7,19.2,30.7,0.43,19.3,51.6,False
60b49898-7671-401b-8e8e-51e5d963d1d4,1.0,acme-mining,site-02,air_quality,ACME-S02-AQ-013,sensor_station,2026-09-01T16:18:31.854Z,7,13.9,46.2,0.56,33.5,68.7,False
4396a789-e511-4160-b066-9924d5fd71ca,1.0,acme-mining,site-02,air_quality,ACME-S02-AQ-014,sensor_station,2026-09-01T16:18:31.854Z,7,12.4,44.3,0.43,20.3,42.6,False
ffa5227c-9f87-49c5-9742-c4eda69ec1fc,1.0,acme-mining,site-02,air_quality,ACME-S02-AQ-015,sensor_station,2026-09-01T16:18:31.854Z,7,15.2,33.0,0.44,22.4,60.6,False
1ce76311-b8d8-4961-9d59-4c377bd65ce9,1.0,beta-minerals,north-site,air_quality,BETA-NORTH-AQ-001,sensor_station,2026-09-01T16:18:31.854Z,7,19.6,22.0,0.42,18.3,57.4,False
b2d34350-c85f-44bb-a940-e52ae4723f27,1.0,beta-minerals,north-site,air_quality,BETA-NORTH-AQ-002,sensor_station,2026-09-01T16:18:31.854Z,7,20.5,29.0,0.18,25.3,31.9,False
3d9263e6-88fd-46ec-8390-c7bcda79987e,1.0,beta-minerals,north-site,air_quality,BETA-NORTH-AQ-003,sensor_station,2026-09-01T16:18:31.854Z,7,8.0,45.8,0.67,18.2,27.0,False
669c4a22-f07b-4fcb-9de6-27c774847962,1.0,beta-minerals,north-site,air_quality,BETA-NORTH-AQ-004,sensor_station,2026-09-01T16:18:31.854Z,7,11.1,33.3,0.79,28.1,64.7,False
185430e3-64af-4f96-be0c-1d5cc89ec45e,1.0,beta-minerals,north-site,air_quality,BETA-NORTH-AQ-005,sensor_station,2026-09-01T16:18:31.854Z,7,22.1,41.9,0.76,29.7,39.1,False
0247232c-aff5-4bed-a376-0b47ce62fb8a,1.0,beta-minerals,north-site,air_quality,BETA-NORTH-AQ-006,sensor_station,2026-09-01T16:18:31.854Z,7,13.0,32.6,0.49,19.7,71.3,False
40eef35e-567f-4f7b-b423-d9104e88edd6,1.0,beta-minerals,north-site,air_quality,BETA-NORTH-AQ-007,sensor_station,2026-09-01T16:18:31.854Z,7,19.2,35.1,0.41,27.2,52.1,False
a65c627c-3a90-41be-80a9-7d0750910b8f,1.0,beta-minerals,north-site,air_quality,BETA-NORTH-AQ-008,sensor_station,2026-09-01T16:18:31.854Z,7,24.0,41.7,0.24,32.6,50.3,False
5c47cd9d-e360-412a-8e9d-22d4bbe5c93e,1.0,beta-minerals,north-site,air_quality,BETA-NORTH-AQ-009,sensor_station,2026-09-01T16:18:31.854Z,7,83.5,111.0,0.26,29.2,58.1,True
6e7f5255-6dd7-477b-8a5c-b2874d0c4f3f,1.0,beta-minerals,north-site,air_quality,BETA-NORTH-AQ-010,sensor_station,2026-09-01T16:18:31.854Z,7,14.7,44.2,0.27,20.0,62.3,False
c62524f2-c1e4-4d16-8a40-68348b45e356,1.0,beta-minerals,north-site,air_quality,BETA-NORTH-AQ-011,sensor_station,2026-09-01T16:18:31.854Z,7,12.1,29.4,0.15,20.5,52.4,False
56336b1e-7a3f-489e-8b88-a3980a06abad,1.0,beta-minerals,north-site,air_quality,BETA-NORTH-AQ-012,sensor_station,2026-09-01T16:18:31.854Z,7,22.1,42.2,0.11,31.9,30.2,False
04a11457-8cd0-4e52-8029-f9be642ee750,1.0,beta-minerals,north-site,air_quality,BETA-NORTH-AQ-013,sensor_station,2026-09-01T16:18:31.854Z,7,17.0,28.2,0.24,18.1,28.7,False
b63fd692-a18a-454d-b0dc-6ff2166e6ad3,1.0,beta-minerals,north-site,air_quality,BETA-NORTH-AQ-014,sensor_station,2026-09-01T16:18:31.854Z,7,15.0,39.0,0.74,20.6,70.5,False
1a38d680-8e24-4e86-a638-c1238fcb406f,1.0,beta-minerals,north-site,air_quality,BETA-NORTH-AQ-015,sensor_station,2026-09-01T16:18:31.854Z,7,23.6,39.1,0.28,26.0,33.6,False
d80f86c6-ddf9-44ef-a793-400b95f0e524,1.0,beta-minerals,north-site,air_quality,BETA-NORTH-AQ-016,sensor_station,2026-09-01T16:18:31.854Z,7,18.2,28.2,0.59,29.9,59.8,False
44063517-feed-4e8c-979a-aab9f27991d3,1.0,beta-minerals,north-site,air_quality,BETA-NORTH-AQ-017,sensor_station,2026-09-01T16:18:31.854Z,7,16.2,33.0,0.16,33.4,35.3,False
96fb8de5-af1e-43f0-af7c-5a2fdd30ca73,1.0,beta-minerals,north-site,air_quality,BETA-NORTH-AQ-018,sensor_station,2026-09-01T16:18:31.854Z,7,16.7,32.5,0.3,26.7,67.4,False
ca7b6676-53a9-4791-ba81-7d4ae2a208d4,1.0,beta-minerals,north-site,air_quality,BETA-NORTH-AQ-019,sensor_station,2026-09-01T16:18:31.854Z,7,16.4,29.5,0.11,29.7,59.9,False
8beeee19-a39f-4ac9-a4c6-de80ee7350ea,1.0,beta-minerals,north-site,air_quality,BETA-NORTH-AQ-020,sensor_station,2026-09-01T16:18:31.854Z,7,18.3,30.0,0.4,33.7,55.0,False
dbbe9fa7-756c-4396-b24f-ed21cf3c8bba,1.0,acme-mining,site-01,air_quality,ACME-S01-AQ-001,sensor_station,2026-09-01T16:18:36.854Z,8,19.0,45.8,0.15,28.1,63.3,False
4d76192a-13b8-431f-8d15-4bcf6cd146c1,1.0,acme-mining,site-01,air_quality,ACME-S01-AQ-002,sensor_station,2026-09-01T16:18:36.854Z,8,13.4,25.5,0.27,32.0,60.4,False
12c66609-d3f3-421c-8837-652f1ae73836,1.0,acme-mining,site-01,air_quality,ACME-S01-AQ-003,sensor_station,2026-09-01T16:18:36.854Z,8,15.9,35.8,0.27,23.4,29.1,False
71959adf-075c-4766-b478-3d334759d7f6,1.0,acme-mining,site-01,air_quality,ACME-S01-AQ-004,sensor_station,2026-09-01T16:18:36.854Z,8,21.8,38.9,0.36,21.1,56.3,False
50768e77-58f6-4849-ae93-3cc8643e5716,1.0,acme-mining,site-01,air_quality,ACME-S01-AQ-005,sensor_station,2026-09-01T16:18:36.854Z,8,13.2,24.4,0.54,24.6,41.4,False
82a84e1f-bf47-44a7-a0ae-e90b0cc70ae9,1.0,acme-mining,site-01,air_quality,ACME-S01-AQ-006,sensor_station,2026-09-01T16:18:36.854Z,8,11.9,35.3,0.36,19.6,61.5,False
9d17d2f6-e8fb-442b-81f0-c0fd9ed1e284,1.0,acme-mining,site-01,air_quality,ACME-S01-AQ-007,sensor_station,2026-09-01T16:18:36.854Z,8,17.0,35.7,0.23,27.7,69.5,False
125c72cb-beb6-4d87-b91e-3155927bb6f0,1.0,acme-mining,site-01,air_quality,ACME-S01-AQ-008,sensor_station,2026-09-01T16:18:36.854Z,8,18.5,30.5,0.32,21.6,72.3,False
a9e90f9b-696b-4f55-ab3a-5b009bab5dc2,1.0,acme-mining,site-01,air_quality,ACME-S01-AQ-009,sensor_station,2026-09-01T16:18:36.854Z,8,14.3,41.4,0.54,29.1,29.4,False
298c1a60-8cbc-43ac-8776-a212660822f0,1.0,acme-mining,site-01,air_quality,ACME-S01-AQ-010,sensor_station,2026-09-01T16:18:36.854Z,8,16.0,24.2,0.15,18.9,59.6,False
da2f6c87-b418-4d67-bd2a-24262d2709be,1.0,acme-mining,site-01,air_quality,ACME-S01-AQ-011,sensor_station,2026-09-01T16:18:36.854Z,8,20.4,46.3,0.26,27.8,65.7,False
c35f4fd1-c2f0-4c86-bb0b-03b3a66fa671,1.0,acme-mining,site-01,air_quality,ACME-S01-AQ-012,sensor_station,2026-09-01T16:18:36.854Z,8,22.5,18.6,0.72,24.2,38.8,False
479548bf-246f-4c60-b5ef-f61ef3590bf3,1.0,acme-mining,site-01,air_quality,ACME-S01-AQ-013,sensor_station,2026-09-01T16:18:36.854Z,8,10.1,21.7,0.26,30.5,54.6,False
6bad4942-5d88-4899-9f46-f073ad23d97e,1.0,acme-mining,site-01,air_quality,ACME-S01-AQ-014,sensor_station,2026-09-01T16:18:36.854Z,8,20.4,29.9,0.29,22.4,32.2,False
c3a2ae91-dddc-4a5f-a25d-0d3c393d51a5,1.0,acme-mining,site-01,air_quality,ACME-S01-AQ-015,sensor_station,2026-09-01T16:18:36.854Z,8,21.3,22.9,0.68,22.7,62.5,False
89eec579-41b0-4d73-8d30-d1d368e4ccd3,1.0,acme-mining,site-02,air_quality,ACME-S02-AQ-001,sensor_station,2026-09-01T16:18:36.854Z,8,8.4,46.5,0.09,32.2,58.8,False
fcabb2ff-7c53-4ffb-b132-af9b339e5375,1.0,acme-mining,site-02,air_quality,ACME-S02-AQ-002,sensor_station,2026-09-01T16:18:36.854Z,8,22.7,21.8,0.66,30.4,68.5,False
074e0124-82eb-41c3-8f93-9139c80bfbd8,1.0,acme-mining,site-02,air_quality,ACME-S02-AQ-003,sensor_station,2026-09-01T16:18:36.854Z,8,23.9,24.4,0.69,28.8,44.1,False
3171aede-9474-4bf7-b3d1-339534114938,1.0,acme-mining,site-02,air_quality,ACME-S02-AQ-004,sensor_station,2026-09-01T16:18:36.854Z,8,16.2,46.2,0.57,27.7,49.9,False
c25bb20a-915f-4e51-94cc-28a71504947e,1.0,acme-mining,site-02,air_quality,ACME-S02-AQ-005,sensor_station,2026-09-01T16:18:36.854Z,8,9.4,24.2,0.06,23.4,58.9,False
5fe2cf50-e3f1-4921-855b-42fbfe88a7da,1.0,acme-mining,site-02,air_quality,ACME-S02-AQ-006,sensor_station,2026-09-01T16:18:36.854Z,8,12.6,31.0,0.74,20.1,53.1,False
a01a3428-a4db-4258-8717-5ea5d295980a,1.0,acme-mining,site-02,air_quality,ACME-S02-AQ-007,sensor_station,2026-09-01T16:18:36.854Z,8,14.7,35.0,0.68,19.8,34.4,False
022a9eb2-7fa2-4c36-9fa3-04b98f2d9a65,1.0,acme-mining,site-02,air_quality,ACME-S02-AQ-008,sensor_station,2026-09-01T16:18:36.854Z,8,13.9,44.0,0.73,32.9,43.7,False
ee9998ef-b731-4338-8503-fd9707bcd02d,1.0,acme-mining,site-02,air_quality,ACME-S02-AQ-009,sensor_station,2026-09-01T16:18:36.854Z,8,23.5,44.2,0.11,32.4,39.6,False
d1c48dbe-b9f1-4633-af8b-d4f35e0c6f47,1.0,acme-mining,site-02,air_quality,ACME-S02-AQ-010,sensor_station,2026-09-01T16:18:36.854Z,8,13.5,45.0,0.59,32.3,57.1,False
33ad7cbe-c83e-4ceb-8615-735fbed63f0f,1.0,acme-mining,site-02,air_quality,ACME-S02-AQ-011,sensor_station,2026-09-01T16:18:36.854Z,8,8.8,46.5,0.6,27.2,62.9,False
060705c0-84f3-458d-b2ab-17c72fcb2c85,1.0,acme-mining,site-02,air_quality,ACME-S02-AQ-012,sensor_station,2026-09-01T16:18:36.854Z,8,12.6,37.1,0.1,19.0,37.1,False
ae3c03ef-5b93-4ad8-8e33-3105c1005b9a,1.0,acme-mining,site-02,air_quality,ACME-S02-AQ-013,sensor_station,2026-09-01T16:18:36.854Z,8,14.2,33.3,0.11,21.4,41.5,False
6170f65d-ffc1-4eea-a20b-bc6e312be709,1.0,acme-mining,site-02,air_quality,ACME-S02-AQ-014,sensor_station,2026-09-01T16:18:36.854Z,8,18.5,26.2,0.53,25.6,47.9,False
1fc37512-1520-4e2f-a6d9-91d225d85b1b,1.0,acme-mining,site-02,air_quality,ACME-S02-AQ-015,sensor_station,2026-09-01T16:18:36.854Z,8,8.8,19.3,0.53,19.6,45.2,False
4f6b9f0b-7ae2-46b4-9918-4ec2acd49fe7,1.0,beta-minerals,north-site,air_quality,BETA-NORTH-AQ-001,sensor_station,2026-09-01T16:18:36.854Z,8,20.9,23.3,0.15,28.3,62.1,False
b13511b0-2bd9-4c0f-9f1e-7f0a00cdeef7,1.0,beta-minerals,north-site,air_quality,BETA-NORTH-AQ-002,sensor_station,2026-09-01T16:18:36.854Z,8,17.0,34.6,0.08,21.4,72.0,False
f4d51ab7-434d-4a42-b67a-9cf745f38457,1.0,beta-minerals,north-site,air_quality,BETA-NORTH-AQ-003,sensor_station,2026-09-01T16:18:36.854Z,8,22.1,23.1,0.29,24.4,63.1,False
3417f3f2-1824-4af4-9b46-a53131b61daf,1.0,beta-minerals,north-site,air_quality,BETA-NORTH-AQ-004,sensor_station,2026-09-01T16:18:36.854Z,8,55.3,164.7,0.64,22.4,59.2,True
fb03399a-5d0a-4141-9deb-fba39f3aa563,1.0,beta-minerals,north-site,air_quality,BETA-NORTH-AQ-005,sensor_station,2026-09-01T16:18:36.854Z,8,13.6,36.8,0.45,29.6,37.0,False
1a9e6290-beb3-41fd-9365-8af1b91c77af,1.0,beta-minerals,north-site,air_quality,BETA-NORTH-AQ-006,sensor_station,2026-09-01T16:18:36.854Z,8,16.1,19.3,0.72,31.3,58.3,False
0d8a8b3c-55d1-4b77-86e7-00b71a73fd2e,1.0,beta-minerals,north-site,air_quality,BETA-NORTH-AQ-007,sensor_station,2026-09-01T16:18:36.854Z,8,9.1,44.1,0.29,21.9,39.0,False
29c21fb9-8be7-47d6-814d-1e85f7046e95,1.0,beta-minerals,north-site,air_quality,BETA-NORTH-AQ-008,sensor_station,2026-09-01T16:18:36.854Z,8,16.7,22.8,0.05,21.8,57.9,False
d015efbf-3b61-4545-941d-86ec3134425f,1.0,beta-minerals,north-site,air_quality,BETA-NORTH-AQ-009,sensor_station,2026-09-01T16:18:36.854Z,8,20.7,23.2,0.63,29.8,59.3,False
49861216-b732-4c0f-a8c0-794c16819ba6,1.0,beta-minerals,north-site,air_quality,BETA-NORTH-AQ-010,sensor_station,2026-09-01T16:18:36.854Z,8,20.0,29.6,0.14,30.5,45.6,False
06455518-33ba-407c-a14b-d2c0d581c578,1.0,beta-minerals,north-site,air_quality,BETA-NORTH-AQ-011,sensor_station,2026-09-01T16:18:36.854Z,8,8.1,34.1,0.56,28.9,57.4,False
270a1c40-506c-423c-ad50-cfca8ade6de0,1.0,beta-minerals,north-site,air_quality,BETA-NORTH-AQ-012,sensor_station,2026-09-01T16:18:36.854Z,8,23.8,40.1,0.5,25.5,50.5,False
a469d5c0-3d67-42da-bd25-0f73153ae720,1.0,beta-minerals,north-site,air_quality,BETA-NORTH-AQ-013,sensor_station,2026-09-01T16:18:36.854Z,8,18.4,30.9,0.19,18.7,42.7,False
993acd1b-e6aa-44f1-9590-1bb3eb110a2b,1.0,beta-minerals,north-site,air_quality,BETA-NORTH-AQ-014,sensor_station,2026-09-01T16:18:36.854Z,8,19.2,21.0,0.09,25.6,25.4,False
c8d2b646-290d-4975-a87b-5d401a6f068a,1.0,beta-minerals,north-site,air_quality,BETA-NORTH-AQ-015,sensor_station,2026-09-01T16:18:36.854Z,8,11.9,34.8,0.7,18.4,57.7,False
1c0bfcd8-bc83-4a18-a186-443c6e054e95,1.0,beta-minerals,north-site,air_quality,BETA-NORTH-AQ-016,sensor_station,2026-09-01T16:18:36.854Z,8,17.7,21.1,0.21,18.1,43.6,False
bf77d0ac-0543-475e-91f0-ff1cfdd6af01,1.0,beta-minerals,north-site,air_quality,BETA-NORTH-AQ-017,sensor_station,2026-09-01T16:18:36.854Z,8,22.1,35.5,0.11,22.2,57.1,False
668fd083-6c4a-4c66-9f2f-7f1b328ddb62,1.0,beta-minerals,north-site,air_quality,BETA-NORTH-AQ-018,sensor_station,2026-09-01T16:18:36.854Z,8,23.0,30.6,0.4,27.9,42.2,False
25134104-bf6e-4a23-8bb2-1368d1d54d09,1.0,beta-minerals,north-site,air_quality,BETA-NORTH-AQ-019,sensor_station,2026-09-01T16:18:36.854Z,8,9.8,23.6,0.37,19.3,47.0,False
a197004a-5556-492d-b26c-83a11b217c20,1.0,beta-minerals,north-site,air_quality,BETA-NORTH-AQ-020,sensor_station,2026-09-01T16:18:36.854Z,8,21.0,38.6,0.56,26.0,62.5,False
55b8772b-ff86-4cf9-9b76-d87733c6e1cf,1.0,acme-mining,site-01,air_quality,ACME-S01-AQ-001,sensor_station,2026-09-01T16:18:41.854Z,9,21.7,43.0,0.46,20.4,55.7,False
7c253db5-bd22-4e15-87e3-f7007253b442,1.0,acme-mining,site-01,air_quality,ACME-S01-AQ-002,sensor_station,2026-09-01T16:18:41.854Z,9,19.4,29.1,0.31,27.6,43.7,False
992e4ae4-ae28-4f1b-9f9a-a7f1f2b6aad0,1.0,acme-mining,site-01,air_quality,ACME-S01-AQ-003,sensor_station,2026-09-01T16:18:41.854Z,9,17.9,26.3,0.17,21.7,36.6,False
8a43253c-dd3c-4c7b-8384-8d98cb116058,1.0,acme-mining,site-01,air_quality,ACME-S01-AQ-004,sensor_station,2026-09-01T16:18:41.854Z,9,17.2,23.6,0.37,22.6,25.9,False
9ca03cc1-385b-455f-84b1-35b862c379c3,1.0,acme-mining,site-01,air_quality,ACME-S01-AQ-005,sensor_station,2026-09-01T16:18:41.854Z,9,15.7,25.3,0.45,20.8,32.8,False
b685c2d7-4f41-4a33-b8ec-f27b822097f6,1.0,acme-mining,site-01,air_quality,ACME-S01-AQ-006,sensor_station,2026-09-01T16:18:41.854Z,9,13.7,24.5,0.12,24.2,26.6,False
d1002351-cf87-4c9e-8ab0-ca19f5e327b6,1.0,acme-mining,site-01,air_quality,ACME-S01-AQ-007,sensor_station,2026-09-01T16:18:41.854Z,9,15.2,25.3,0.46,31.4,37.7,False
42a5e212-1739-4fff-b9b0-fd901b441a03,1.0,acme-mining,site-01,air_quality,ACME-S01-AQ-008,sensor_station,2026-09-01T16:18:41.854Z,9,16.0,23.0,0.39,31.8,66.4,False
d8c2b984-6712-4e7e-acc8-b5e5c8e1981a,1.0,acme-mining,site-01,air_quality,ACME-S01-AQ-009,sensor_station,2026-09-01T16:18:41.854Z,9,58.6,175.1,0.61,28.8,70.8,True
35597f69-e163-4948-9fab-09a495bbf531,1.0,acme-mining,site-01,air_quality,ACME-S01-AQ-010,sensor_station,2026-09-01T16:18:41.854Z,9,16.1,37.4,0.68,33.9,51.9,False
72a0bc94-e311-4ee6-9945-3abce6e28c0c,1.0,acme-mining,site-01,air_quality,ACME-S01-AQ-011,sensor_station,2026-09-01T16:18:41.854Z,9,19.2,43.8,0.36,32.8,68.2,False
ba15c009-ecd7-4008-a41d-c8a5b346862f,1.0,acme-mining,site-01,air_quality,ACME-S01-AQ-012,sensor_station,2026-09-01T16:18:41.854Z,9,9.5,20.7,0.2,23.9,50.3,False
3ce89431-2d74-4fdf-aa16-9c0df1843546,1.0,acme-mining,site-01,air_quality,ACME-S01-AQ-013,sensor_station,2026-09-01T16:18:41.854Z,9,10.3,33.4,0.2,32.4,73.5,False
af3721ec-995e-40d2-a7f1-a44ccb1c108b,1.0,acme-mining,site-01,air_quality,ACME-S01-AQ-014,sensor_station,2026-09-01T16:18:41.854Z,9,16.6,20.4,0.21,28.0,51.4,False
83c3a8de-8412-4c79-970a-3c507928fbd9,1.0,acme-mining,site-01,air_quality,ACME-S01-AQ-015,sensor_station,2026-09-01T16:18:41.854Z,9,18.2,38.8,0.42,27.6,42.2,False
7b34b70b-767e-4f68-8c98-a04126adadd7,1.0,acme-mining,site-02,air_quality,ACME-S02-AQ-001,sensor_station,2026-09-01T16:18:41.854Z,9,9.7,23.8,0.06,22.4,27.4,False
7ebfa8db-1622-4764-b3bc-66109b56d820,1.0,acme-mining,site-02,air_quality,ACME-S02-AQ-002,sensor_station,2026-09-01T16:18:41.854Z,9,21.7,22.9,0.53,33.6,36.3,False
97f6b941-b267-4c46-9857-3e16fb3b7ad5,1.0,acme-mining,site-02,air_quality,ACME-S02-AQ-003,sensor_station,2026-09-01T16:18:41.854Z,9,18.8,24.8,0.41,30.4,53.4,False
5bf48d23-4c08-433a-a515-46725c70b849,1.0,acme-mining,site-02,air_quality,ACME-S02-AQ-004,sensor_station,2026-09-01T16:18:41.854Z,9,21.1,19.9,0.57,26.3,26.1,False
b0dea0fe-9688-4d80-b3f0-878134070a8b,1.0,acme-mining,site-02,air_quality,ACME-S02-AQ-005,sensor_station,2026-09-01T16:18:41.854Z,9,21.7,44.7,0.06,18.8,47.8,False
921a56a2-f3b2-4288-b845-1045f8da3a16,1.0,acme-mining,site-02,air_quality,ACME-S02-AQ-006,sensor_station,2026-09-01T16:18:41.854Z,9,20.9,41.2,0.38,23.8,65.7,False
279382ae-d903-47a7-9aa7-9ccd7c82ef61,1.0,acme-mining,site-02,air_quality,ACME-S02-AQ-007,sensor_station,2026-09-01T16:18:41.854Z,9,8.4,23.2,0.69,20.9,74.6,False
0eb53ec0-603c-4fd1-9ece-0c69bb89582f,1.0,acme-mining,site-02,air_quality,ACME-S02-AQ-008,sensor_station,2026-09-01T16:18:41.854Z,9,22.4,32.1,0.49,22.2,63.9,False
834601f3-84e8-4f95-9e5c-e6710c2da55e,1.0,acme-mining,site-02,air_quality,ACME-S02-AQ-009,sensor_station,2026-09-01T16:18:41.854Z,9,22.2,43.9,0.44,24.9,54.2,False
9b62530a-1eb3-4931-8753-ba30ee5f4146,1.0,acme-mining,site-02,air_quality,ACME-S02-AQ-010,sensor_station,2026-09-01T16:18:41.854Z,9,10.0,21.9,0.2,30.8,28.8,False
3508ebfe-46aa-4ca0-a764-248578aa02af,1.0,acme-mining,site-02,air_quality,ACME-S02-AQ-011,sensor_station,2026-09-01T16:18:41.854Z,9,10.7,44.0,0.65,19.3,30.4,False
d534cfe5-a3f8-4f40-bcc3-a36f71b0e40a,1.0,acme-mining,site-02,air_quality,ACME-S02-AQ-012,sensor_station,2026-09-01T16:18:41.854Z,9,18.3,35.0,0.78,31.5,65.5,False
5bb008ac-8ca8-4da8-a322-a90338ffcb4a,1.0,acme-mining,site-02,air_quality,ACME-S02-AQ-013,sensor_station,2026-09-01T16:18:41.854Z,9,14.3,40.7,0.29,33.4,56.5,False
e886236f-6b8a-4bad-9123-ce2487d225ee,1.0,acme-mining,site-02,air_quality,ACME-S02-AQ-014,sensor_station,2026-09-01T16:18:41.854Z,9,22.6,39.0,0.19,29.0,40.9,False
7673c964-189a-47dc-84b1-a5838666b838,1.0,acme-mining,site-02,air_quality,ACME-S02-AQ-015,sensor_station,2026-09-01T16:18:41.854Z,9,9.2,33.6,0.65,29.0,58.3,False
fdfb5612-6b02-4f62-b3dd-439506cf224c,1.0,beta-minerals,north-site,air_quality,BETA-NORTH-AQ-001,sensor_station,2026-09-01T16:18:41.854Z,9,8.8,47.6,0.37,19.6,33.9,False
e5d927f0-78f5-436e-9a5c-40ad730a7eda,1.0,beta-minerals,north-site,air_quality,BETA-NORTH-AQ-002,sensor_station,2026-09-01T16:18:41.854Z,9,15.6,25.6,0.53,26.6,34.5,False
367119e9-af0d-404f-8996-f6d4c4d067e8,1.0,beta-minerals,north-site,air_quality,BETA-NORTH-AQ-003,sensor_station,2026-09-01T16:18:41.854Z,9,10.5,25.3,0.31,23.2,28.6,False
07f601a0-9837-4998-b146-9e84ea1f1d1a,1.0,beta-minerals,north-site,air_quality,BETA-NORTH-AQ-004,sensor_station,2026-09-01T16:18:41.854Z,9,58.4,112.0,0.58,23.9,42.8,True
1b46d127-f6e0-4713-9ce9-1539b2eb85d8,1.0,beta-minerals,north-site,air_quality,BETA-NORTH-AQ-005,sensor_station,2026-09-01T16:18:41.854Z,9,16.0,42.1,0.77,22.3,74.9,False
08ea1da6-3eb8-47d5-960c-4790909cce05,1.0,beta-minerals,north-site,air_quality,BETA-NORTH-AQ-006,sensor_station,2026-09-01T16:18:41.854Z,9,10.4,44.9,0.66,28.8,72.3,False
682ce89a-2a0c-4f83-b54f-090e54a44d13,1.0,beta-minerals,north-site,air_quality,BETA-NORTH-AQ-007,sensor_station,2026-09-01T16:18:41.854Z,9,9.1,35.8,0.17,31.0,67.8,False
33da8394-6f85-4e93-a4d8-ce30fc6574f2,1.0,beta-minerals,north-site,air_quality,BETA-NORTH-AQ-008,sensor_station,2026-09-01T16:18:41.854Z,9,11.7,42.0,0.08,25.8,50.8,False
ebf04bb0-0bde-4923-9772-f9e68f5a07fd,1.0,beta-minerals,north-site,air_quality,BETA-NORTH-AQ-009,sensor_station,2026-09-01T16:18:41.854Z,9,21.5,42.7,0.6,32.2,70.2,False
756b3344-be3a-4e4f-a489-6dcc5763b59a,1.0,beta-minerals,north-site,air_quality,BETA-NORTH-AQ-010,sensor_station,2026-09-01T16:18:41.854Z,9,19.9,39.9,0.28,33.4,71.6,False
293da533-466f-427f-9de9-ac799448eb98,1.0,beta-minerals,north-site,air_quality,BETA-NORTH-AQ-011,sensor_station,2026-09-01T16:18:41.854Z,9,17.9,44.2,0.13,29.1,67.9,False
0f0fee2a-b7e7-4465-8594-00fed3ba0e4c,1.0,beta-minerals,north-site,air_quality,BETA-NORTH-AQ-012,sensor_station,2026-09-01T16:18:41.854Z,9,15.9,21.6,0.75,24.9,36.5,False
e08f0e74-d722-42dc-88af-255d1358d5b3,1.0,beta-minerals,north-site,air_quality,BETA-NORTH-AQ-013,sensor_station,2026-09-01T16:18:41.854Z,9,18.1,21.9,0.26,21.9,67.0,False
42cda5ef-40ec-403b-9e18-17446a9cdfe4,1.0,beta-minerals,north-site,air_quality,BETA-NORTH-AQ-014,sensor_station,2026-09-01T16:18:41.854Z,9,19.9,22.0,0.69,28.7,68.6,False
ab192d2b-7137-42ef-bcce-ed283e23e83d,1.0,beta-minerals,north-site,air_quality,BETA-NORTH-AQ-015,sensor_station,2026-09-01T16:18:41.854Z,9,22.3,39.5,0.23,20.1,68.7,False
439911cd-47ed-4c97-9fb2-06974b07a075,1.0,beta-minerals,north-site,air_quality,BETA-NORTH-AQ-016,sensor_station,2026-09-01T16:18:41.854Z,9,56.5,120.8,0.29,27.0,44.3,True
09c25747-53c5-4d0e-8fe4-01beb4cf6314,1.0,beta-minerals,north-site,air_quality,BETA-NORTH-AQ-017,sensor_station,2026-09-01T16:18:41.854Z,9,18.7,30.6,0.38,32.0,40.3,False
a2718af3-9671-442c-ae68-64d733d5e693,1.0,beta-minerals,north-site,air_quality,BETA-NORTH-AQ-018,sensor_station,2026-09-01T16:18:41.854Z,9,19.1,30.7,0.73,26.1,62.3,False
9981d74f-9afb-42c8-811d-af5d6c3c9993,1.0,beta-minerals,north-site,air_quality,BETA-NORTH-AQ-019,sensor_station,2026-09-01T16:18:41.854Z,9,9.7,20.4,0.26,30.1,61.6,False
2eaafbb6-ff6b-4172-8677-244f3f16807f,1.0,beta-minerals,north-site,air_quality,BETA-NORTH-AQ-020,sensor_station,2026-09-01T16:18:41.854Z,9,19.7,36.0,0.41,26.2,50.0,False
9ae51877-93c4-48f4-82ae-3bc9ca1e9829,1.0,acme-mining,site-01,air_quality,ACME-S01-AQ-001,sensor_station,2026-09-01T16:18:46.854Z,10,13.2,33.2,0.38,20.9,47.3,False
6b04e039-04f3-4706-9769-96626a0e6997,1.0,acme-mining,site-01,air_quality,ACME-S01-AQ-002,sensor_station,2026-09-01T16:18:46.854Z,10,16.6,30.1,0.22,33.7,38.8,False
c6c0c7f7-00a1-442e-9f17-c62dccef0a7f,1.0,acme-mining,site-01,air_quality,ACME-S01-AQ-003,sensor_station,2026-09-01T16:18:46.854Z,10,23.5,18.6,0.73,23.7,70.1,False
60f09c15-a76e-4d93-ad67-f3c1a9032617,1.0,acme-mining,site-01,air_quality,ACME-S01-AQ-004,sensor_station,2026-09-01T16:18:46.854Z,10,16.1,39.2,0.49,19.9,52.2,False
774ee732-6b16-4004-85de-d1eb96b8bb63,1.0,acme-mining,site-01,air_quality,ACME-S01-AQ-005,sensor_station,2026-09-01T16:18:46.854Z,10,22.2,43.3,0.67,20.1,55.5,False
c76d81af-bb82-49c6-bf8d-9b94feb57107,1.0,acme-mining,site-01,air_quality,ACME-S01-AQ-006,sensor_station,2026-09-01T16:18:46.854Z,10,13.9,39.1,0.77,30.3,58.0,False
3bc37d46-497d-4a90-b0c2-34b139728e1e,1.0,acme-mining,site-01,air_quality,ACME-S01-AQ-007,sensor_station,2026-09-01T16:18:46.854Z,10,22.1,19.4,0.6,23.6,45.3,False
2c5d63ef-8507-4fb1-86f0-add41f779bcd,1.0,acme-mining,site-01,air_quality,ACME-S01-AQ-008,sensor_station,2026-09-01T16:18:46.854Z,10,15.9,36.2,0.69,19.7,34.4,False
251c1aeb-6536-49da-86d7-7c589700b779,1.0,acme-mining,site-01,air_quality,ACME-S01-AQ-009,sensor_station,2026-09-01T16:18:46.854Z,10,17.5,34.4,0.06,22.9,41.6,False
05154bab-6a5a-4903-8f92-019fe1d55f31,1.0,acme-mining,site-01,air_quality,ACME-S01-AQ-010,sensor_station,2026-09-01T16:18:46.854Z,10,10.3,44.2,0.29,31.9,30.2,False
67e4612a-5df4-4a26-b0d7-8a34335571c8,1.0,acme-mining,site-01,air_quality,ACME-S01-AQ-011,sensor_station,2026-09-01T16:18:46.854Z,10,8.0,35.1,0.72,23.7,51.5,False
9e2b990c-0ad0-4bc7-8c3e-ed25feaeac86,1.0,acme-mining,site-01,air_quality,ACME-S01-AQ-012,sensor_station,2026-09-01T16:18:46.854Z,10,23.2,41.9,0.13,23.6,71.4,False
626d6e43-ddab-4d96-a0fb-7406ff6b643c,1.0,acme-mining,site-01,air_quality,ACME-S01-AQ-013,sensor_station,2026-09-01T16:18:46.854Z,10,9.9,24.2,0.33,26.3,63.8,False
1720fd3e-f5d9-462f-94fe-5d9ccad38d34,1.0,acme-mining,site-01,air_quality,ACME-S01-AQ-014,sensor_station,2026-09-01T16:18:46.854Z,10,22.6,23.9,0.39,28.9,28.5,False
ed34eae9-0d5e-40d5-b8bc-f43917a66dac,1.0,acme-mining,site-01,air_quality,ACME-S01-AQ-015,sensor_station,2026-09-01T16:18:46.854Z,10,18.2,44.6,0.49,29.5,25.4,False
2e78a603-0a6f-43c3-8687-07fcff7f4886,1.0,acme-mining,site-02,air_quality,ACME-S02-AQ-001,sensor_station,2026-09-01T16:18:46.854Z,10,19.9,38.1,0.14,26.8,65.8,False
98f73f95-7b33-45cb-8a18-15db3d6169a7,1.0,acme-mining,site-02,air_quality,ACME-S02-AQ-002,sensor_station,2026-09-01T16:18:46.854Z,10,22.8,18.7,0.58,30.6,27.1,False
fd4ca7e1-2006-49e6-ae14-61ed10ecd9f8,1.0,acme-mining,site-02,air_quality,ACME-S02-AQ-003,sensor_station,2026-09-01T16:18:46.854Z,10,10.4,28.3,0.27,24.6,55.2,False
d01124de-e5cb-4777-aaa9-d05a539a630e,1.0,acme-mining,site-02,air_quality,ACME-S02-AQ-004,sensor_station,2026-09-01T16:18:46.854Z,10,18.9,47.4,0.65,32.3,74.2,False
f5ea34f0-a8fd-4ac7-9be3-5731b8763a22,1.0,acme-mining,site-02,air_quality,ACME-S02-AQ-005,sensor_station,2026-09-01T16:18:46.854Z,10,12.7,21.1,0.41,26.9,67.7,False
99fabc8b-a1dc-4276-910f-83a535a0921e,1.0,acme-mining,site-02,air_quality,ACME-S02-AQ-006,sensor_station,2026-09-01T16:18:46.854Z,10,20.6,30.6,0.64,22.6,68.5,False
339229b5-a157-4879-9451-3158e0888d6e,1.0,acme-mining,site-02,air_quality,ACME-S02-AQ-007,sensor_station,2026-09-01T16:18:46.854Z,10,16.4,43.2,0.79,23.5,55.4,False
ac238881-27d3-4146-b821-6b6f61f8793d,1.0,acme-mining,site-02,air_quality,ACME-S02-AQ-008,sensor_station,2026-09-01T16:18:46.854Z,10,23.4,33.4,0.75,22.2,58.6,False
f556a5cf-172b-403e-8824-ac79f24c4b06,1.0,acme-mining,site-02,air_quality,ACME-S02-AQ-009,sensor_station,2026-09-01T16:18:46.854Z,10,11.7,23.6,0.18,31.6,73.2,False
ad943e96-c5ec-4405-b1b8-8e04358611c4,1.0,acme-mining,site-02,air_quality,ACME-S02-AQ-010,sensor_station,2026-09-01T16:18:46.854Z,10,16.7,27.9,0.45,32.7,46.9,False
44454d6b-f261-4b0e-83e4-67b90290237f,1.0,acme-mining,site-02,air_quality,ACME-S02-AQ-011,sensor_station,2026-09-01T16:18:46.854Z,10,63.4,153.0,0.76,27.3,54.6,True
2096329f-4aa1-4bf1-b11a-c616a06e7593,1.0,acme-mining,site-02,air_quality,ACME-S02-AQ-012,sensor_station,2026-09-01T16:18:46.854Z,10,23.3,30.7,0.07,24.6,56.8,False
8eca89be-1186-424d-847f-fb12a77647c8,1.0,acme-mining,site-02,air_quality,ACME-S02-AQ-013,sensor_station,2026-09-01T16:18:46.854Z,10,11.3,20.6,0.76,18.8,68.0,False
5e25a7ac-5904-4a23-a4c3-4c687733bc86,1.0,acme-mining,site-02,air_quality,ACME-S02-AQ-014,sensor_station,2026-09-01T16:18:46.854Z,10,16.2,38.8,0.23,33.1,49.9,False
dfe218e1-c640-43ab-a8fb-29564dd5e794,1.0,acme-mining,site-02,air_quality,ACME-S02-AQ-015,sensor_station,2026-09-01T16:18:46.854Z,10,14.0,34.3,0.24,24.8,56.2,False
794c3c95-0f35-4ccf-8084-6e0104b78274,1.0,beta-minerals,north-site,air_quality,BETA-NORTH-AQ-001,sensor_station,2026-09-01T16:18:46.854Z,10,10.4,27.8,0.47,24.4,70.4,False
fc5292d1-28a6-47ff-aec9-4d31b4904fb0,1.0,beta-minerals,north-site,air_quality,BETA-NORTH-AQ-002,sensor_station,2026-09-01T16:18:46.854Z,10,11.3,38.3,0.36,27.5,37.9,False
2a1c662d-6134-41fa-ab01-dccd5382171a,1.0,beta-minerals,north-site,air_quality,BETA-NORTH-AQ-003,sensor_station,2026-09-01T16:18:46.854Z,10,17.5,18.2,0.47,23.6,64.4,False
f48ee198-7bf8-4e28-afed-a346b650df17,1.0,beta-minerals,north-site,air_quality,BETA-NORTH-AQ-004,sensor_station,2026-09-01T16:18:46.854Z,10,13.8,41.4,0.54,21.2,48.5,False
e14869f5-bf6f-4aed-8abb-f16b22b3b515,1.0,beta-minerals,north-site,air_quality,BETA-NORTH-AQ-005,sensor_station,2026-09-01T16:18:46.854Z,10,11.5,19.6,0.6,19.5,58.1,False
25cd4f2c-a6ee-4016-98c8-b61fe05f8100,1.0,beta-minerals,north-site,air_quality,BETA-NORTH-AQ-006,sensor_station,2026-09-01T16:18:46.854Z,10,23.1,46.2,0.34,24.0,59.1,False
82f4d32a-eed7-448c-90c7-478edaec835a,1.0,beta-minerals,north-site,air_quality,BETA-NORTH-AQ-007,sensor_station,2026-09-01T16:18:46.854Z,10,13.6,29.7,0.65,21.3,60.2,False
08b49233-87d7-4029-b178-2afe7545a93c,1.0,beta-minerals,north-site,air_quality,BETA-NORTH-AQ-008,sensor_station,2026-09-01T16:18:46.854Z,10,23.2,24.1,0.74,25.2,53.2,False
81a651e7-fb73-4bc8-8e78-5d4b84691ca8,1.0,beta-minerals,north-site,air_quality,BETA-NORTH-AQ-009,sensor_station,2026-09-01T16:18:46.854Z,10,9.0,38.0,0.05,19.5,31.2,False
73838962-52d9-4455-8e9a-91c3991865f6,1.0,beta-minerals,north-site,air_quality,BETA-NORTH-AQ-010,sensor_station,2026-09-01T16:18:46.854Z,10,12.8,33.6,0.35,33.5,26.1,False
d51245dd-b81a-4d55-95af-d287f0a729d9,1.0,beta-minerals,north-site,air_quality,BETA-NORTH-AQ-011,sensor_station,2026-09-01T16:18:46.854Z,10,23.6,40.4,0.36,22.9,62.8,False
32d45814-df21-461f-af17-b6f0709f45a0,1.0,beta-minerals,north-site,air_quality,BETA-NORTH-AQ-012,sensor_station,2026-09-01T16:18:46.854Z,10,16.9,35.1,0.57,28.6,50.7,False
31c58cba-3911-41cf-8552-305fa5f39c41,1.0,beta-minerals,north-site,air_quality,BETA-NORTH-AQ-013,sensor_station,2026-09-01T16:18:46.854Z,10,18.1,26.4,0.41,24.9,27.9,False
1144a1f0-ad2e-4863-be2c-130f1ceaac2a,1.0,beta-minerals,north-site,air_quality,BETA-NORTH-AQ-014,sensor_station,2026-09-01T16:18:46.854Z,10,18.7,36.0,0.42,32.7,39.6,False
644d477f-c3dc-416c-a8d8-b7cf8188621d,1.0,beta-minerals,north-site,air_quality,BETA-NORTH-AQ-015,sensor_station,2026-09-01T16:18:46.854Z,10,19.3,37.9,0.53,26.9,25.7,False
a7469d59-a8ba-4ad4-a8e1-66703e13ba6d,1.0,beta-minerals,north-site,air_quality,BETA-NORTH-AQ-016,sensor_station,2026-09-01T16:18:46.854Z,10,15.9,25.4,0.25,25.0,53.7,False
bdfbe142-8694-4513-aaf8-d944dc2d3435,1.0,beta-minerals,north-site,air_quality,BETA-NORTH-AQ-017,sensor_station,2026-09-01T16:18:46.854Z,10,22.6,41.8,0.57,33.5,52.0,False
b1758e43-e69a-45a5-80f7-13ad72f029fe,1.0,beta-minerals,north-site,air_quality,BETA-NORTH-AQ-018,sensor_station,2026-09-01T16:18:46.854Z,10,22.1,40.3,0.64,33.1,41.3,False
9b1762e8-bf7a-4a56-a227-cb7851cecd08,1.0,beta-minerals,north-site,air_quality,BETA-NORTH-AQ-019,sensor_station,2026-09-01T16:18:46.854Z,10,17.2,37.8,0.34,23.5,74.4,False
caf7a675-bd03-4786-a8cb-23c956bad7d7,1.0,beta-minerals,north-site,air_quality,BETA-NORTH-AQ-020,sensor_station,2026-09-01T16:18:46.854Z,10,15.1,42.0,0.28,25.2,29.5,False
0768b10f-ff30-4377-b1ac-6c3c78f2958f,1.0,acme-mining,site-01,air_quality,ACME-S01-AQ-001,sensor_station,2026-09-01T16:18:51.854Z,11,12.2,21.6,0.7,30.0,48.4,False
c374d645-cfa4-4a1a-a75a-bbb2de90d718,1.0,acme-mining,site-01,air_quality,ACME-S01-AQ-002,sensor_station,2026-09-01T16:18:51.854Z,11,15.6,39.2,0.28,29.4,71.9,False
44624178-56d7-4371-8e1a-41f3e830c0b8,1.0,acme-mining,site-01,air_quality,ACME-S01-AQ-003,sensor_station,2026-09-01T16:18:51.854Z,11,12.0,46.5,0.12,29.0,61.3,False
f2edaa93-49ad-4276-8a95-c4e5afcea031,1.0,acme-mining,site-01,air_quality,ACME-S01-AQ-004,sensor_station,2026-09-01T16:18:51.854Z,11,22.8,40.1,0.67,30.9,60.5,False
da0ddcaa-6d8c-4ddf-804c-49895d28b2df,1.0,acme-mining,site-01,air_quality,ACME-S01-AQ-005,sensor_station,2026-09-01T16:18:51.854Z,11,12.1,20.2,0.24,27.2,34.9,False
ed020033-79bf-44d2-bd8b-1b984fd1ba1f,1.0,acme-mining,site-01,air_quality,ACME-S01-AQ-006,sensor_station,2026-09-01T16:18:51.854Z,11,20.2,30.3,0.73,24.3,53.8,False
3533d9c6-4635-4697-ba72-fb729ac9bac9,1.0,acme-mining,site-01,air_quality,ACME-S01-AQ-007,sensor_station,2026-09-01T16:18:51.854Z,11,14.4,30.8,0.42,25.8,53.4,False
11f2a66e-fcce-4a0c-b078-0a3c029dda62,1.0,acme-mining,site-01,air_quality,ACME-S01-AQ-008,sensor_station,2026-09-01T16:18:51.854Z,11,16.9,20.2,0.68,22.9,49.3,False
750dd3ed-a9f7-4e78-aefd-c91d076ef2fb,1.0,acme-mining,site-01,air_quality,ACME-S01-AQ-009,sensor_station,2026-09-01T16:18:51.854Z,11,9.2,28.4,0.63,33.9,26.2,False
f8551066-948c-40d6-a97c-ad3047ec5268,1.0,acme-mining,site-01,air_quality,ACME-S01-AQ-010,sensor_station,2026-09-01T16:18:51.854Z,11,16.7,26.9,0.37,25.9,31.5,False
fe282900-a70e-41aa-ba38-828922ccc264,1.0,acme-mining,site-01,air_quality,ACME-S01-AQ-011,sensor_station,2026-09-01T16:18:51.854Z,11,17.7,38.4,0.42,24.5,43.2,False
2dda69b0-4099-4ae2-b45a-6fd1f2b4790e,1.0,acme-mining,site-01,air_quality,ACME-S01-AQ-012,sensor_station,2026-09-01T16:18:51.854Z,11,76.3,133.4,0.44,18.0,39.2,True
dec99f30-82e6-4628-92bd-6ffc88e597d8,1.0,acme-mining,site-01,air_quality,ACME-S01-AQ-013,sensor_station,2026-09-01T16:18:51.854Z,11,14.6,25.5,0.51,30.1,38.1,False
5cdb8ced-4330-4469-83c6-3afa78d5c38c,1.0,acme-mining,site-01,air_quality,ACME-S01-AQ-014,sensor_station,2026-09-01T16:18:51.854Z,11,8.2,18.1,0.59,33.2,29.9,False
9a87bcfd-bff4-4857-9a22-fab7f2a95d29,1.0,acme-mining,site-01,air_quality,ACME-S01-AQ-015,sensor_station,2026-09-01T16:18:51.854Z,11,20.4,45.2,0.24,25.4,55.3,False
6600333e-55a9-4650-950e-905b36644470,1.0,acme-mining,site-02,air_quality,ACME-S02-AQ-001,sensor_station,2026-09-01T16:18:51.854Z,11,23.4,33.5,0.43,23.6,59.0,False
ef5367a9-ca27-4181-b6fd-9d76ae44ac2d,1.0,acme-mining,site-02,air_quality,ACME-S02-AQ-002,sensor_station,2026-09-01T16:18:51.854Z,11,8.5,29.2,0.62,21.2,28.9,False
2ad324e5-998d-4c7d-89e0-72da3ce3589a,1.0,acme-mining,site-02,air_quality,ACME-S02-AQ-003,sensor_station,2026-09-01T16:18:51.854Z,11,21.5,23.2,0.17,22.6,26.6,False
70bba581-2233-4179-82b9-a18e43233f28,1.0,acme-mining,site-02,air_quality,ACME-S02-AQ-004,sensor_station,2026-09-01T16:18:51.854Z,11,19.0,40.0,0.58,33.0,46.7,False
37385639-7421-492d-98d9-c92bd78fb1ab,1.0,acme-mining,site-02,air_quality,ACME-S02-AQ-005,sensor_station,2026-09-01T16:18:51.854Z,11,8.7,45.3,0.55,32.2,52.2,False
f8eaa77b-e04c-4961-850a-b4e00958c5ba,1.0,acme-mining,site-02,air_quality,ACME-S02-AQ-006,sensor_station,2026-09-01T16:18:51.854Z,11,16.3,46.3,0.8,19.0,51.6,False
a29259e7-c598-4905-8a1c-9ff40cac4a23,1.0,acme-mining,site-02,air_quality,ACME-S02-AQ-007,sensor_station,2026-09-01T16:18:51.854Z,11,12.8,46.6,0.39,19.6,62.8,False
1ae9cf8e-fe27-44d7-8823-c4c411446e17,1.0,acme-mining,site-02,air_quality,ACME-S02-AQ-008,sensor_station,2026-09-01T16:18:51.854Z,11,14.9,25.5,0.71,32.1,65.2,False
2466635e-3231-42e8-be9e-4fee0835514e,1.0,acme-mining,site-02,air_quality,ACME-S02-AQ-009,sensor_station,2026-09-01T16:18:51.854Z,11,16.7,27.0,0.57,21.0,34.3,False
ca5bf71e-ea58-4646-9217-f49183ff8800,1.0,acme-mining,site-02,air_quality,ACME-S02-AQ-010,sensor_station,2026-09-01T16:18:51.854Z,11,15.0,32.4,0.16,31.1,40.3,False
eed8a7f0-6757-467a-a38d-005de11758da,1.0,acme-mining,site-02,air_quality,ACME-S02-AQ-011,sensor_station,2026-09-01T16:18:51.854Z,11,12.1,37.4,0.2,28.9,33.3,False
25bcdfea-045f-4166-a57b-ee43beeb8b07,1.0,acme-mining,site-02,air_quality,ACME-S02-AQ-012,sensor_station,2026-09-01T16:18:51.854Z,11,21.1,30.2,0.38,30.6,41.4,False
c6333a2f-147f-4966-be0b-c88e28322d70,1.0,acme-mining,site-02,air_quality,ACME-S02-AQ-013,sensor_station,2026-09-01T16:18:51.854Z,11,19.1,32.2,0.67,22.8,55.5,False
4e6d4d63-8a03-426f-9fbe-cc22fd32c662,1.0,acme-mining,site-02,air_quality,ACME-S02-AQ-014,sensor_station,2026-09-01T16:18:51.854Z,11,14.2,31.4,0.12,32.9,37.9,False
daf603ed-1cc4-402e-be26-a04809c56511,1.0,acme-mining,site-02,air_quality,ACME-S02-AQ-015,sensor_station,2026-09-01T16:18:51.854Z,11,11.5,41.8,0.51,23.4,29.6,False
6ba6cf60-dc39-4bdc-b5ab-562f5a0838ca,1.0,beta-minerals,north-site,air_quality,BETA-NORTH-AQ-001,sensor_station,2026-09-01T16:18:51.854Z,11,20.7,36.7,0.57,20.3,37.5,False
988553b8-8240-4098-a98c-a22f68a4aa09,1.0,beta-minerals,north-site,air_quality,BETA-NORTH-AQ-002,sensor_station,2026-09-01T16:18:51.854Z,11,15.8,43.8,0.61,21.9,39.8,False
6d7303ef-ee57-4564-a462-2556c4b369a0,1.0,beta-minerals,north-site,air_quality,BETA-NORTH-AQ-003,sensor_station,2026-09-01T16:18:51.854Z,11,14.1,19.9,0.76,28.0,42.0,False
b88a3d3a-16e3-4daf-8246-38463f274ceb,1.0,beta-minerals,north-site,air_quality,BETA-NORTH-AQ-004,sensor_station,2026-09-01T16:18:51.854Z,11,15.6,19.5,0.55,24.7,64.8,False
fe883038-58d2-4b19-8da8-01e09e25913f,1.0,beta-minerals,north-site,air_quality,BETA-NORTH-AQ-005,sensor_station,2026-09-01T16:18:51.854Z,11,17.1,43.6,0.11,25.1,74.8,False
b6135d04-7d03-439f-b59d-44cf3abbda1a,1.0,beta-minerals,north-site,air_quality,BETA-NORTH-AQ-006,sensor_station,2026-09-01T16:18:51.854Z,11,14.3,28.1,0.11,28.1,61.9,False
3a3e4c3b-315b-488b-9889-f754ff8a1b66,1.0,beta-minerals,north-site,air_quality,BETA-NORTH-AQ-007,sensor_station,2026-09-01T16:18:51.854Z,11,8.0,23.1,0.27,19.7,41.9,False
f48209d8-92e5-4fa8-af42-458e10fd80ae,1.0,beta-minerals,north-site,air_quality,BETA-NORTH-AQ-008,sensor_station,2026-09-01T16:18:51.854Z,11,16.2,45.2,0.3,22.0,66.5,False
326f7e36-2a83-4713-8e9f-c9c9adf0ea24,1.0,beta-minerals,north-site,air_quality,BETA-NORTH-AQ-009,sensor_station,2026-09-01T16:18:51.854Z,11,23.3,28.1,0.14,21.5,34.9,False
784f596b-5211-4ccc-9972-c7852610e9f3,1.0,beta-minerals,north-site,air_quality,BETA-NORTH-AQ-010,sensor_station,2026-09-01T16:18:51.854Z,11,19.7,18.4,0.44,33.7,54.9,False
f9c55062-733e-46c5-af9a-be9febfabd9f,1.0,beta-minerals,north-site,air_quality,BETA-NORTH-AQ-011,sensor_station,2026-09-01T16:18:51.854Z,11,13.3,30.9,0.62,23.1,30.8,False
44aef66b-a9db-4af5-ab7f-5a2ca38a8e16,1.0,beta-minerals,north-site,air_quality,BETA-NORTH-AQ-012,sensor_station,2026-09-01T16:18:51.854Z,11,9.6,29.2,0.41,20.7,28.0,False
4e13bdb8-a8ae-4439-b8d2-eec6930665a0,1.0,beta-minerals,north-site,air_quality,BETA-NORTH-AQ-013,sensor_station,2026-09-01T16:18:51.854Z,11,19.8,27.1,0.18,19.4,54.2,False
0f09703c-322a-47e7-b1f3-5085abe56429,1.0,beta-minerals,north-site,air_quality,BETA-NORTH-AQ-014,sensor_station,2026-09-01T16:18:51.854Z,11,19.0,37.5,0.17,27.3,55.4,False
24c22b91-e0db-45d9-9346-8337fa2983d5,1.0,beta-minerals,north-site,air_quality,BETA-NORTH-AQ-015,sensor_station,2026-09-01T16:18:51.854Z,11,12.6,26.5,0.61,21.5,50.7,False
5835ece1-3b53-4b8a-a217-0cff7872210e,1.0,beta-minerals,north-site,air_quality,BETA-NORTH-AQ-016,sensor_station,2026-09-01T16:18:51.854Z,11,19.3,45.0,0.49,27.3,39.2,False
2ced67a9-06a5-4863-85c9-8e0f438e08ec,1.0,beta-minerals,north-site,air_quality,BETA-NORTH-AQ-017,sensor_station,2026-09-01T16:18:51.854Z,11,13.1,18.2,0.14,20.6,60.5,False
efe10354-cadc-443e-a520-10c23e8538cd,1.0,beta-minerals,north-site,air_quality,BETA-NORTH-AQ-018,sensor_station,2026-09-01T16:18:51.854Z,11,12.8,19.3,0.09,32.4,57.3,False
12b760c5-59d0-424a-b3e8-6941f7553d17,1.0,beta-minerals,north-site,air_quality,BETA-NORTH-AQ-019,sensor_station,2026-09-01T16:18:51.854Z,11,15.0,47.4,0.44,26.3,45.2,False
f830ad3b-54a5-4f5f-b84a-9cf2322a08ba,1.0,beta-minerals,north-site,air_quality,BETA-NORTH-AQ-020,sensor_station,2026-09-01T16:18:51.854Z,11,16.7,38.7,0.16,21.0,65.0,False
a237383c-1190-4d68-bd1b-7c432353a91c,1.0,acme-mining,site-01,air_quality,ACME-S01-AQ-001,sensor_station,2026-09-01T16:18:56.854Z,12,11.4,39.0,0.21,30.0,66.0,False
e97a2cfc-2276-4c52-a9ce-b0d2ef76c4ae,1.0,acme-mining,site-01,air_quality,ACME-S01-AQ-002,sensor_station,2026-09-01T16:18:56.854Z,12,15.3,39.9,0.15,25.0,73.2,False
2f0245d4-f937-430a-850e-26577901f8a6,1.0,acme-mining,site-01,air_quality,ACME-S01-AQ-003,sensor_station,2026-09-01T16:18:56.854Z,12,20.3,35.4,0.11,33.3,31.0,False
b4eaf270-2f75-489e-984e-3e3e5b882d82,1.0,acme-mining,site-01,air_quality,ACME-S01-AQ-004,sensor_station,2026-09-01T16:18:56.854Z,12,81.5,114.7,0.2,28.0,37.6,True
5e491adf-245e-485f-818e-ab89cddc1e1f,1.0,acme-mining,site-01,air_quality,ACME-S01-AQ-005,sensor_station,2026-09-01T16:18:56.854Z,12,16.4,46.7,0.48,30.6,73.6,False
588b9061-24ef-49a7-afd9-8c3effb0863d,1.0,acme-mining,site-01,air_quality,ACME-S01-AQ-006,sensor_station,2026-09-01T16:18:56.854Z,12,13.5,44.2,0.1,32.4,48.8,False
1d7fa83b-f639-4b90-bf18-e3081452ee57,1.0,acme-mining,site-01,air_quality,ACME-S01-AQ-007,sensor_station,2026-09-01T16:18:56.854Z,12,8.4,23.4,0.47,27.0,28.3,False
73cc8ffc-cef8-4c9e-8fa7-3ac3fa47bea8,1.0,acme-mining,site-01,air_quality,ACME-S01-AQ-008,sensor_station,2026-09-01T16:18:56.854Z,12,8.5,42.3,0.79,18.8,56.1,False
5a045faf-6861-4e16-93be-d780c2254b0d,1.0,acme-mining,site-01,air_quality,ACME-S01-AQ-009,sensor_station,2026-09-01T16:18:56.854Z,12,15.5,43.5,0.73,19.7,31.5,False
eedb56ad-456c-4872-af93-ac96af84c45f,1.0,acme-mining,site-01,air_quality,ACME-S01-AQ-010,sensor_station,2026-09-01T16:18:56.854Z,12,11.1,46.4,0.76,29.9,50.9,False
458d3a16-d53e-4d99-8e52-2eeef5f444c2,1.0,acme-mining,site-01,air_quality,ACME-S01-AQ-011,sensor_station,2026-09-01T16:18:56.854Z,12,23.7,22.8,0.57,28.7,74.9,False
915d1ef1-dd11-4b36-a28c-c2c685148dc1,1.0,acme-mining,site-01,air_quality,ACME-S01-AQ-012,sensor_station,2026-09-01T16:18:56.854Z,12,21.3,38.9,0.44,24.6,60.8,False
3b6f9ac3-4b86-48a6-95c5-ed4bcf2947ac,1.0,acme-mining,site-01,air_quality,ACME-S01-AQ-013,sensor_station,2026-09-01T16:18:56.854Z,12,56.0,155.9,0.41,31.9,72.2,True
71552d1d-f71b-42ae-b3c5-47deb8d54445,1.0,acme-mining,site-01,air_quality,ACME-S01-AQ-014,sensor_station,2026-09-01T16:18:56.854Z,12,17.3,40.6,0.26,20.9,54.8,False
e92475f8-10b8-4473-a50f-1bc99b283c25,1.0,acme-mining,site-01,air_quality,ACME-S01-AQ-015,sensor_station,2026-09-01T16:18:56.854Z,12,13.2,30.4,0.08,21.8,28.8,False
d7a19f68-62d8-46e4-ac2d-c0cdd97681dd,1.0,acme-mining,site-02,air_quality,ACME-S02-AQ-001,sensor_station,2026-09-01T16:18:56.854Z,12,15.4,31.0,0.53,27.5,41.4,False
b8b0640f-b083-4fa2-9eea-0c565ea3915a,1.0,acme-mining,site-02,air_quality,ACME-S02-AQ-002,sensor_station,2026-09-01T16:18:56.854Z,12,22.7,32.0,0.75,28.5,57.8,False
8f8d1742-27df-44c2-9720-a72aee3927bd,1.0,acme-mining,site-02,air_quality,ACME-S02-AQ-003,sensor_station,2026-09-01T16:18:56.854Z,12,14.4,38.6,0.07,33.2,46.9,False
cda1ff84-3eed-4768-9d8b-489ee406d1b6,1.0,acme-mining,site-02,air_quality,ACME-S02-AQ-004,sensor_station,2026-09-01T16:18:56.854Z,12,12.9,30.9,0.34,27.7,59.4,False
60754ac0-78db-46b4-8134-0917ee519b4a,1.0,acme-mining,site-02,air_quality,ACME-S02-AQ-005,sensor_station,2026-09-01T16:18:56.854Z,12,22.9,42.6,0.56,27.0,40.5,False
be479f7d-52bf-4d13-b598-d5e798eeb34f,1.0,acme-mining,site-02,air_quality,ACME-S02-AQ-006,sensor_station,2026-09-01T16:18:56.854Z,12,16.1,44.4,0.61,32.5,25.8,False
759c4c6e-97e6-4a6c-b7b9-4d2cc1d4ed93,1.0,acme-mining,site-02,air_quality,ACME-S02-AQ-007,sensor_station,2026-09-01T16:18:56.854Z,12,17.3,28.0,0.52,20.6,48.8,False
c7b7a7dc-e182-47c1-af98-778e87a8f53f,1.0,acme-mining,site-02,air_quality,ACME-S02-AQ-008,sensor_station,2026-09-01T16:18:56.854Z,12,14.1,40.5,0.16,30.9,63.9,False
7d45cd83-aed6-47d4-838a-ddb27bc7e555,1.0,acme-mining,site-02,air_quality,ACME-S02-AQ-009,sensor_station,2026-09-01T16:18:56.854Z,12,19.8,22.8,0.23,33.1,60.9,False
0ad685d2-979a-4065-b2c2-4cfc3c5c6635,1.0,acme-mining,site-02,air_quality,ACME-S02-AQ-010,sensor_station,2026-09-01T16:18:56.854Z,12,22.7,42.6,0.5,20.7,73.0,False
a7478298-3b53-4d45-9f0a-09d31a057795,1.0,acme-mining,site-02,air_quality,ACME-S02-AQ-011,sensor_station,2026-09-01T16:18:56.854Z,12,12.3,23.3,0.64,28.9,37.7,False
13d7e957-cb37-4e56-929f-12c2206bf42e,1.0,acme-mining,site-02,air_quality,ACME-S02-AQ-012,sensor_station,2026-09-01T16:18:56.854Z,12,22.0,30.9,0.35,18.7,30.0,False
709b7030-ab7e-46b2-8a7c-98841980eab5,1.0,acme-mining,site-02,air_quality,ACME-S02-AQ-013,sensor_station,2026-09-01T16:18:56.854Z,12,17.6,40.3,0.12,18.8,43.9,False
2be8c735-0334-4b18-845d-745131ef9bd6,1.0,acme-mining,site-02,air_quality,ACME-S02-AQ-014,sensor_station,2026-09-01T16:18:56.854Z,12,10.7,42.4,0.34,29.8,51.0,False
65d3ab09-d07c-45a9-aafd-c6adaa2e25ee,1.0,acme-mining,site-02,air_quality,ACME-S02-AQ-015,sensor_station,2026-09-01T16:18:56.854Z,12,15.5,47.4,0.78,22.3,37.5,False
ea86e615-69ae-4e1e-bf64-06867e8d69e8,1.0,beta-minerals,north-site,air_quality,BETA-NORTH-AQ-001,sensor_station,2026-09-01T16:18:56.854Z,12,20.6,31.9,0.16,22.0,46.6,False
4a7f0e18-d702-4d18-93b6-8dadef31dd2b,1.0,beta-minerals,north-site,air_quality,BETA-NORTH-AQ-002,sensor_station,2026-09-01T16:18:56.854Z,12,14.8,29.6,0.26,19.7,56.6,False
883e0bf1-4841-4a52-aacd-0a9a94ddfff2,1.0,beta-minerals,north-site,air_quality,BETA-NORTH-AQ-003,sensor_station,2026-09-01T16:18:56.854Z,12,21.2,27.2,0.43,25.0,30.4,False
d6a13468-57d7-424e-a01b-3a2093a5ba44,1.0,beta-minerals,north-site,air_quality,BETA-NORTH-AQ-004,sensor_station,2026-09-01T16:18:56.854Z,12,23.7,46.8,0.47,21.9,74.4,False
27f5661e-a24b-4b4e-8ad7-3ad1cecc4ceb,1.0,beta-minerals,north-site,air_quality,BETA-NORTH-AQ-005,sensor_station,2026-09-01T16:18:56.854Z,12,15.3,44.4,0.72,25.3,27.7,False
fa5d2dd7-48b8-4dcf-b228-3e88301ad73a,1.0,beta-minerals,north-site,air_quality,BETA-NORTH-AQ-006,sensor_station,2026-09-01T16:18:56.854Z,12,8.9,35.0,0.67,32.7,42.2,False
ffa41e36-e308-4dba-a31d-50b3d5eaa350,1.0,beta-minerals,north-site,air_quality,BETA-NORTH-AQ-007,sensor_station,2026-09-01T16:18:56.854Z,12,10.5,40.2,0.63,23.8,56.0,False
c57f4e35-afa5-46ad-959f-758130823067,1.0,beta-minerals,north-site,air_quality,BETA-NORTH-AQ-008,sensor_station,2026-09-01T16:18:56.854Z,12,20.3,22.8,0.46,26.6,51.5,False
cb9d29de-23ba-41c0-9a2b-61f01c725610,1.0,beta-minerals,north-site,air_quality,BETA-NORTH-AQ-009,sensor_station,2026-09-01T16:18:56.854Z,12,17.6,20.5,0.55,31.2,54.5,False
77a9fe72-7515-4676-8e35-f891a77c813b,1.0,beta-minerals,north-site,air_quality,BETA-NORTH-AQ-010,sensor_station,2026-09-01T16:18:56.854Z,12,21.3,28.7,0.11,28.9,41.7,False
0cf6de80-f7bd-4c7c-84ed-85821af464f3,1.0,beta-minerals,north-site,air_quality,BETA-NORTH-AQ-011,sensor_station,2026-09-01T16:18:56.854Z,12,20.0,39.0,0.26,31.4,44.7,False
e6626dbe-c2fd-4c17-819d-577476ec378b,1.0,beta-minerals,north-site,air_quality,BETA-NORTH-AQ-012,sensor_station,2026-09-01T16:18:56.854Z,12,24.0,31.0,0.63,20.3,66.2,False
42c745e1-be1c-4eb5-8a8c-df6aaa22cb6b,1.0,beta-minerals,north-site,air_quality,BETA-NORTH-AQ-013,sensor_station,2026-09-01T16:18:56.854Z,12,60.9,171.1,0.78,32.1,61.9,True
2d279ed1-0c59-49d7-95e4-2676962ee5fe,1.0,beta-minerals,north-site,air_quality,BETA-NORTH-AQ-014,sensor_station,2026-09-01T16:18:56.854Z,12,16.6,27.9,0.42,18.1,28.5,False
32120fba-5869-44c0-9f6b-0a42dd6b215a,1.0,beta-minerals,north-site,air_quality,BETA-NORTH-AQ-015,sensor_station,2026-09-01T16:18:56.854Z,12,20.2,36.0,0.31,18.7,69.7,False
e543d468-3d4f-4ad7-834a-39f35b0412b5,1.0,beta-minerals,north-site,air_quality,BETA-NORTH-AQ-016,sensor_station,2026-09-01T16:18:56.854Z,12,15.2,19.3,0.75,28.9,36.4,False
bd871fc0-bddc-4141-94d6-1c1b4d69054f,1.0,beta-minerals,north-site,air_quality,BETA-NORTH-AQ-017,sensor_station,2026-09-01T16:18:56.854Z,12,20.1,46.6,0.73,29.9,70.4,False
01ed3eab-3c5d-4092-8b81-40e80bed3dd3,1.0,beta-minerals,north-site,air_quality,BETA-NORTH-AQ-018,sensor_station,2026-09-01T16:18:56.854Z,12,8.9,38.7,0.55,25.4,70.0,False
eb4fd659-926e-4cb1-b958-c8aa73d568e5,1.0,beta-minerals,north-site,air_quality,BETA-NORTH-AQ-019,sensor_station,2026-09-01T16:18:56.854Z,12,79.5,139.6,0.55,19.7,29.9,True
d0da527f-7266-4908-b7d4-f4996078d42d,1.0,beta-minerals,north-site,air_quality,BETA-NORTH-AQ-020,sensor_station,2026-09-01T16:18:56.854Z,12,8.2,32.6,0.51,30.8,62.3,False
