message_id,schema_version,tenant_id,site_id,message_type,asset_id,asset_type,timestamp,sequence_no,maintenance.status,maintenance.downtime_active,maintenance.downtime_reason,maintenance.downtime_minutes_total,maintenance.work_order_id,maintenance.priority,maintenance.inspection_due
407de11a-856b-4703-81b1-d6923a7ea0e6,1.0,acme-mining,site-01,maintenance_event,ACME-S01-MAINT-001,maintenance_gateway,2026-09-01T20:17:58.253Z,1,available,False,,0.0,,,False
583984e2-e3c9-487c-9f04-71d8e58a3673,1.0,acme-mining,site-01,maintenance_event,ACME-S01-MAINT-002,maintenance_gateway,2026-09-01T20:17:58.253Z,1,available,False,,0.0,,,False
46e5b7c5-abd4-44a5-985a-93e86e474284,1.0,acme-mining,site-01,maintenance_event,ACME-S01-MAINT-003,maintenance_gateway,2026-09-01T20:17:58.253Z,1,available,False,,0.0,,,False
4785e9a8-ecf3-40a9-9d3f-b862f6fbdbe0,1.0,acme-mining,site-01,maintenance_event,ACME-S01-MAINT-004,maintenance_gateway,2026-09-01T20:17:58.253Z,1,available,False,,0.0,,,False
4318b2a4-452c-4b88-b1f3-ec198ec1db24,1.0,acme-mining,site-01,maintenance_event,ACME-S01-MAINT-005,maintenance_gateway,2026-09-01T20:17:58.253Z,1,available,False,,0.0,,,False
a7265c5d-db36-46f5-ae5b-5ad85d4cdc71,1.0,acme-mining,site-01,maintenance_event,ACME-S01-MAINT-006,maintenance_gateway,2026-09-01T20:17:58.253Z,1,available,False,,0.0,,,False
24e6e09f-6dae-4125-9cf3-dec846865ec8,1.0,acme-mining,site-01,maintenance_event,ACME-S01-MAINT-007,maintenance_gateway,2026-09-01T20:17:58.253Z,1,available,False,,0.0,,,False
6ee1cf6b-c57d-42d9-a49d-2ba1e61c1e1f,1.0,acme-mining,site-01,maintenance_event,ACME-S01-MAINT-008,maintenance_gateway,2026-09-01T20:17:58.253Z,1,available,False,,0.0,,,False
a97c0967-8db2-4c0d-b698-cc7b9f8b554a,1.0,acme-mining,site-01,maintenance_event,ACME-S01-MAINT-009,maintenance_gateway,2026-09-01T20:17:58.253Z,1,available,False,,0.0,,,False
dbc9340e-4ca7-4ab1-bc29-41f6bb0fe1ae,1.0,acme-mining,site-01,maintenance_event,ACME-S01-MAINT-010,maintenance_gateway,2026-09-01T20:17:58.253Z,1,available,False,,0.0,,,False
fc6dc4ec-76f8-426d-b0b2-03713731afb2,1.0,acme-mining,site-02,maintenance_event,ACME-S02-MAINT-001,maintenance_gateway,2026-09-01T20:17:58.253Z,1,available,False,,0.0,,,False
7bcfe59c-3ca5-477a-a8cb-ec6a0f29e738,1.0,acme-mining,site-02,maintenance_event,ACME-S02-MAINT-002,maintenance_gateway,2026-09-01T20:17:58.253Z,1,available,False,,0.0,,,False
1fb20836-b18b-45c5-8cfc-ed12f9d0803d,1.0,acme-mining,site-02,maintenance_event,ACME-S02-MAINT-003,maintenance_gateway,2026-09-01T20:17:58.253Z,1,available,False,,0.0,,,False
907d40bc-0161-4c4f-b6e5-a2452f2d6bc5,1.0,acme-mining,site-02,maintenance_event,ACME-S02-MAINT-004,maintenance_gateway,2026-09-01T20:17:58.253Z,1,available,False,,0.0,,,False
c5b513ab-7263-4958-843f-abfb1881cadc,1.0,acme-mining,site-02,maintenance_event,ACME-S02-MAINT-005,maintenance_gateway,2026-09-01T20:17:58.253Z,1,available,False,,0.0,,,False
5eeee33b-0640-4896-a359-53fab60a003f,1.0,acme-mining,site-02,maintenance_event,ACME-S02-MAINT-006,maintenance_gateway,2026-09-01T20:17:58.253Z,1,available,False,,0.0,,,False
30676e90-0502-44fc-99bf-c5e99cd34033,1.0,acme-mining,site-02,maintenance_event,ACME-S02-MAINT-007,maintenance_gateway,2026-09-01T20:17:58.253Z,1,available,False,,0.0,,,False
3d98c16b-15d6-4c73-8a83-4ba68fc9caa8,1.0,acme-mining,site-02,maintenance_event,ACME-S02-MAINT-008,maintenance_gateway,2026-09-01T20:17:58.253Z,1,available,False,,0.0,,,False
2d6c6f78-6638-4586-9035-d04403a7d8b9,1.0,acme-mining,site-02,maintenance_event,ACME-S02-MAINT-009,maintenance_gateway,2026-09-01T20:17:58.253Z,1,available,False,,0.0,,,False
a124465a-cb48-4cc6-b3eb-113cd7975893,1.0,acme-mining,site-02,maintenance_event,ACME-S02-MAINT-010,maintenance_gateway,2026-09-01T20:17:58.253Z,1,available,False,,0.0,,,False
5114946e-0520-40e7-a6e6-0d7ce382cb38,1.0,beta-minerals,north-site,maintenance_event,BETA-NORTH-MAINT-001,maintenance_gateway,2026-09-01T20:17:58.253Z,1,available,False,,0.0,,,False
f5b1348f-c590-4682-bf59-6ac431c14590,1.0,beta-minerals,north-site,maintenance_event,BETA-NORTH-MAINT-002,maintenance_gateway,2026-09-01T20:17:58.253Z,1,available,False,,0.0,,,False
f2f27c98-aae7-43cc-a5de-9547caf8483d,1.0,beta-minerals,north-site,maintenance_event,BETA-NORTH-MAINT-003,maintenance_gateway,2026-09-01T20:17:58.253Z,1,available,False,,0.0,,,False
ace869a1-cfc2-4105-b246-9b51252b7be1,1.0,beta-minerals,north-site,maintenance_event,BETA-NORTH-MAINT-004,maintenance_gateway,2026-09-01T20:17:58.253Z,1,available,False,,0.0,,,False
3bba9000-cbfd-4d02-94b4-b3622cb9ec52,1.0,beta-minerals,north-site,maintenance_event,BETA-NORTH-MAINT-005,maintenance_gateway,2026-09-01T20:17:58.253Z,1,available,False,,0.0,,,False
cd0777fd-207c-4421-a8bb-d05342107dda,1.0,beta-minerals,north-site,maintenance_event,BETA-NORTH-MAINT-006,maintenance_gateway,2026-09-01T20:17:58.253Z,1,available,False,,0.0,,,False
40e093f7-5048-4008-8819-d389ac230034,1.0,beta-minerals,north-site,maintenance_event,BETA-NORTH-MAINT-007,maintenance_gateway,2026-09-01T20:17:58.253Z,1,available,False,,0.0,,,False
5d8b6ff6-ec79-45a9-ae5d-67eb7c995508,1.0,beta-minerals,north-site,maintenance_event,BETA-NORTH-MAINT-008,maintenance_gateway,2026-09-01T20:17:58.253Z,1,available,False,,0.0,,,False
ebdb3426-b9e3-45df-9cee-658c6dba1e89,1.0,beta-minerals,north-site,maintenance_event,BETA-NORTH-MAINT-009,maintenance_gateway,2026-09-01T20:17:58.253Z,1,available,False,,0.0,,,False
a13fd0e5-3ca1-4589-a9c5-f3335c8fddfb,1.0,beta-minerals,north-site,maintenance_event,BETA-NORTH-MAINT-010,maintenance_gateway,2026-09-01T20:17:58.253Z,1,available,False,,0.0,,,False
fc2bc9c5-f1b9-454f-b080-9659e8e6a19f,1.0,beta-minerals,north-site,maintenance_event,BETA-NORTH-MAINT-011,maintenance_gateway,2026-09-01T20:17:58.253Z,1,available,False,,0.0,,,False
a692587e-2c30-40cc-b588-8795c5cd971e,1.0,beta-minerals,north-site,maintenance_event,BETA-NORTH-MAINT-012,maintenance_gateway,2026-09-01T20:17:58.253Z,1,available,False,,0.0,,,False
6141d9ec-7e37-4fde-a577-51c3ac50b414,1.0,beta-minerals,north-site,maintenance_event,BETA-NORTH-MAINT-013,maintenance_gateway,2026-09-01T20:17:58.253Z,1,available,False,,0.0,,,False
0aa97ad6-0510-4f1c-b0ff-a651871e7fef,1.0,beta-minerals,north-site,maintenance_event,BETA-NORTH-MAINT-014,maintenance_gateway,2026-09-01T20:17:58.253Z,1,available,False,,0.0,,,False
ce6befd1-b609-4d3f-a812-29aba2ac2553,1.0,beta-minerals,north-site,maintenance_event,BETA-NORTH-MAINT-015,maintenance_gateway,2026-09-01T20:17:58.253Z,1,available,False,,0.0,,,False
2e2ff9d4-2a4b-4fc4-9141-91d4f58386c1,1.0,beta-minerals,north-site,maintenance_event,BETA-NORTH-MAINT-016,maintenance_gateway,2026-09-01T20:17:58.253Z,1,available,False,,0.0,,,False
b11edeb1-5644-487b-a7e8-837b7b21362a,1.0,beta-minerals,north-site,maintenance_event,BETA-NORTH-MAINT-017,maintenance_gateway,2026-09-01T20:17:58.253Z,1,available,False,,0.0,,,False
cfee405c-a69d-44cd-ab92-e3f52814cde2,1.0,beta-minerals,north-site,maintenance_event,BETA-NORTH-MAINT-018,maintenance_gateway,2026-09-01T20:17:58.253Z,1,unplanned_downtime,True,electrical_fault,0.08,WO-BETA-NORTH-MAINT-018-000001,high,False
488facfc-d37e-40e1-86cf-0dacdbafb115,1.0,beta-minerals,north-site,maintenance_event,BETA-NORTH-MAINT-019,maintenance_gateway,2026-09-01T20:17:58.253Z,1,available,False,,0.0,,,False
681dbd63-f312-49d9-b696-04e92597cdeb,1.0,beta-minerals,north-site,maintenance_event,BETA-NORTH-MAINT-020,maintenance_gateway,2026-09-01T20:17:58.253Z,1,available,False,,0.0,,,False
b9d12fef-431a-4274-afa1-01cd9f245339,1.0,acme-mining,site-01,maintenance_event,ACME-S01-MAINT-001,maintenance_gateway,2026-09-01T20:18:03.253Z,2,available,False,,0.0,,,False
c30c87d0-dbf8-4c5a-889a-f6661d8729d8,1.0,acme-mining,site-01,maintenance_event,ACME-S01-MAINT-002,maintenance_gateway,2026-09-01T20:18:03.253Z,2,available,False,,0.0,,,False
d105851a-440a-4d41-9e7d-25e4bcbe9d17,1.0,acme-mining,site-01,maintenance_event,ACME-S01-MAINT-003,maintenance_gateway,2026-09-01T20:18:03.253Z,2,available,False,,0.0,,,False
718def5b-6801-42ba-8545-9cd517027bbf,1.0,acme-mining,site-01,maintenance_event,ACME-S01-MAINT-004,maintenance_gateway,2026-09-01T20:18:03.253Z,2,available,False,,0.0,,,False
8ba3dbdb-3308-4f54-8478-d1c5a02a59eb,1.0,acme-mining,site-01,maintenance_event,ACME-S01-MAINT-005,maintenance_gateway,2026-09-01T20:18:03.253Z,2,available,False,,0.0,,,False
31505371-e993-4f32-8eef-96548e1102b3,1.0,acme-mining,site-01,maintenance_event,ACME-S01-MAINT-006,maintenance_gateway,2026-09-01T20:18:03.253Z,2,available,False,,0.0,,,False
81aa46e8-20e6-42c7-973a-267785c9c647,1.0,acme-mining,site-01,maintenance_event,ACME-S01-MAINT-007,maintenance_gateway,2026-09-01T20:18:03.253Z,2,available,False,,0.0,,,False
52f5067b-2d3e-466a-bd9c-426889c47d96,1.0,acme-mining,site-01,maintenance_event,ACME-S01-MAINT-008,maintenance_gateway,2026-09-01T20:18:03.253Z,2,available,False,,0.0,,,False
8e465fd2-2d85-45f2-b890-c7e0d032e19d,1.0,acme-mining,site-01,maintenance_event,ACME-S01-MAINT-009,maintenance_gateway,2026-09-01T20:18:03.253Z,2,available,False,,0.0,,,False
7d2980f0-04f5-45c1-88a9-74f8bc336023,1.0,acme-mining,site-01,maintenance_event,ACME-S01-MAINT-010,maintenance_gateway,2026-09-01T20:18:03.253Z,2,available,False,,0.0,,,False
d105d8a6-8b58-4006-8abc-bf729cc41978,1.0,acme-mining,site-02,maintenance_event,ACME-S02-MAINT-001,maintenance_gateway,2026-09-01T20:18:03.253Z,2,available,False,,0.0,,,False
ccdab318-59b6-4c6b-b0c9-a074dc0269a6,1.0,acme-mining,site-02,maintenance_event,ACME-S02-MAINT-002,maintenance_gateway,2026-09-01T20:18:03.253Z,2,available,False,,0.0,,,False
95bb6a71-db61-4fd0-b434-e9c0732e7b79,1.0,acme-mining,site-02,maintenance_event,ACME-S02-MAINT-003,maintenance_gateway,2026-09-01T20:18:03.253Z,2,available,False,,0.0,,,False
09f96a12-2314-4b75-af07-6c2cb363395f,1.0,acme-mining,site-02,maintenance_event,ACME-S02-MAINT-004,maintenance_gateway,2026-09-01T20:18:03.253Z,2,available,False,,0.0,,,False
79ca94b9-ec80-4ca5-ba50-655dcbc3a68c,1.0,acme-mining,site-02,maintenance_event,ACME-S02-MAINT-005,maintenance_gateway,2026-09-01T20:18:03.253Z,2,available,False,,0.0,,,False
28642ec1-187e-42eb-bc83-3761d6eb21ac,1.0,acme-mining,site-02,maintenance_event,ACME-S02-MAINT-006,maintenance_gateway,2026-09-01T20:18:03.253Z,2,available,False,,0.0,,,False
554b34dc-3d9a-4f71-a6fd-e92329e023bf,1.0,acme-mining,site-02,maintenance_event,ACME-S02-MAINT-007,maintenance_gateway,2026-09-01T20:18:03.253Z,2,available,False,,0.0,,,False
658360ce-b7b7-45ab-b738-09916d9dfa04,1.0,acme-mining,site-02,maintenance_event,ACME-S02-MAINT-008,maintenance_gateway,2026-09-01T20:18:03.253Z,2,available,False,,0.0,,,False
9292b087-3ce9-4772-82e4-c10b3c828a54,1.0,acme-mining,site-02,maintenance_event,ACME-S02-MAINT-009,maintenance_gateway,2026-09-01T20:18:03.253Z,2,available,False,,0.0,,,False
5bcadc41-ebfe-4996-b52a-2706c6b3ca4c,1.0,acme-mining,site-02,maintenance_event,ACME-S02-MAINT-010,maintenance_gateway,2026-09-01T20:18:03.253Z,2,available,False,,0.0,,,True
91a19131-1ac2-4879-a60d-9faff2c14af4,1.0,beta-minerals,north-site,maintenance_event,BETA-NORTH-MAINT-001,maintenance_gateway,2026-09-01T20:18:03.253Z,2,available,False,,0.0,,,False
b2bda09d-21a2-4ba1-a157-2d548e8a3c09,1.0,beta-minerals,north-site,maintenance_event,BETA-NORTH-MAINT-002,maintenance_gateway,2026-09-01T20:18:03.253Z,2,available,False,,0.0,,,False
f78966f1-4dbd-4d62-85cf-3510c3dd425e,1.0,beta-minerals,north-site,maintenance_event,BETA-NORTH-MAINT-003,maintenance_gateway,2026-09-01T20:18:03.253Z,2,available,False,,0.0,,,False
c6901d7c-96e6-436a-b53e-7924caef2f86,1.0,beta-minerals,north-site,maintenance_event,BETA-NORTH-MAINT-004,maintenance_gateway,2026-09-01T20:18:03.253Z,2,available,False,,0.0,,,False
ab595162-00de-4e4c-ba40-1bcbb79185d4,1.0,beta-minerals,north-site,maintenance_event,BETA-NORTH-MAINT-005,maintenance_gateway,2026-09-01T20:18:03.253Z,2,unplanned_downtime,True,mechanical_failure,0.08,WO-BETA-NORTH-MAINT-005-000002,high,False
7d3b521b-5ec4-41f2-955e-af68201e9955,1.0,beta-minerals,north-site,maintenance_event,BETA-NORTH-MAINT-006,maintenance_gateway,2026-09-01T20:18:03.253Z,2,available,False,,0.0,,,False
ca711f84-48d7-4118-a383-64b1208ae747,1.0,beta-minerals,north-site,maintenance_event,BETA-NORTH-MAINT-007,maintenance_gateway,2026-09-01T20:18:03.253Z,2,available,False,,0.0,,,False
4fe72b0b-f5f9-4b3c-b6e8-918355e65cc1,1.0,beta-minerals,north-site,maintenance_event,BETA-NORTH-MAINT-008,maintenance_gateway,2026-09-01T20:18:03.253Z,2,available,False,,0.0,,,False
ef04e40d-607f-472e-b341-937a75f43a33,1.0,beta-minerals,north-site,maintenance_event,BETA-NORTH-MAINT-009,maintenance_gateway,2026-09-01T20:18:03.253Z,2,available,False,,0.0,,,False
b7f75848-ef4b-4535-b113-d4143ac27913,1.0,beta-minerals,north-site,maintenance_event,BETA-NORTH-MAINT-010,maintenance_gateway,2026-09-01T20:18:03.253Z,2,available,False,,0.0,,,False
c678bce0-086b-402a-9c3c-bd4853a13c18,1.0,beta-minerals,north-site,maintenance_event,BETA-NORTH-MAINT-011,maintenance_gateway,2026-09-01T20:18:03.253Z,2,available,False,,0.0,,,False
d973bac7-218a-40fd-9279-b90fa534f0ee,1.0,beta-minerals,north-site,maintenance_event,BETA-NORTH-MAINT-012,maintenance_gateway,2026-09-01T20:18:03.253Z,2,available,False,,0.0,,,False
6e93200a-af14-434e-b590-2e168219c40c,1.0,beta-minerals,north-site,maintenance_event,BETA-NORTH-MAINT-013,maintenance_gateway,2026-09-01T20:18:03.253Z,2,available,False,,0.0,,,False
ab4bdcc1-2291-4539-b52c-455f2c5838d6,1.0,beta-minerals,north-site,maintenance_event,BETA-NORTH-MAINT-014,maintenance_gateway,2026-09-01T20:18:03.253Z,2,available,False,,0.0,,,False
10e150fc-91c3-44b6-b6d0-27c781217783,1.0,beta-minerals,north-site,maintenance_event,BETA-NORTH-MAINT-015,maintenance_gateway,2026-09-01T20:18:03.253Z,2,available,False,,0.0,,,False
0656ac91-2855-4663-af45-de2d0600f362,1.0,beta-minerals,north-site,maintenance_event,BETA-NORTH-MAINT-016,maintenance_gateway,2026-09-01T20:18:03.253Z,2,available,False,,0.0,,,False
b629e277-425a-436b-b7a4-94ab3d449ec4,1.0,beta-minerals,north-site,maintenance_event,BETA-NORTH-MAINT-017,maintenance_gateway,2026-09-01T20:18:03.253Z,2,available,False,,0.0,,,False
8232387f-d7f7-4269-88cf-160b7cc5f18d,1.0,beta-minerals,north-site,maintenance_event,BETA-NORTH-MAINT-018,maintenance_gateway,2026-09-01T20:18:03.253Z,2,available,False,,0.08,,,False
a0f85d8c-8989-49a9-83f5-a13952b35f52,1.0,beta-minerals,north-site,maintenance_event,BETA-NORTH-MAINT-019,maintenance_gateway,2026-09-01T20:18:03.253Z,2,available,False,,0.0,,,False
b033d789-bdf5-464b-9160-6158d3df5d00,1.0,beta-minerals,north-site,maintenance_event,BETA-NORTH-MAINT-020,maintenance_gateway,2026-09-01T20:18:03.253Z,2,available,False,,0.0,,,False
c9464593-6d96-4da8-aa81-fb3488327dd0,1.0,acme-mining,site-01,maintenance_event,ACME-S01-MAINT-001,maintenance_gateway,2026-09-01T20:18:08.253Z,3,available,False,,0.0,,,False
cc0ab7ec-72af-4a18-93e3-0a12ca72800e,1.0,acme-mining,site-01,maintenance_event,ACME-S01-MAINT-002,maintenance_gateway,2026-09-01T20:18:08.253Z,3,available,False,,0.0,,,False
dcc73150-6789-4ac7-8cc9-35c73ef58be4,1.0,acme-mining,site-01,maintenance_event,ACME-S01-MAINT-003,maintenance_gateway,2026-09-01T20:18:08.253Z,3,available,False,,0.0,,,False
b1e911d5-b69c-4385-afa4-577dbc20268e,1.0,acme-mining,site-01,maintenance_event,ACME-S01-MAINT-004,maintenance_gateway,2026-09-01T20:18:08.253Z,3,available,False,,0.0,,,False
85b90fd7-f197-4028-8456-ecf9a8589978,1.0,acme-mining,site-01,maintenance_event,ACME-S01-MAINT-005,maintenance_gateway,2026-09-01T20:18:08.253Z,3,available,False,,0.0,,,False
ab465783-d13f-4efa-af50-e4f77dbbaed0,1.0,acme-mining,site-01,maintenance_event,ACME-S01-MAINT-006,maintenance_gateway,2026-09-01T20:18:08.253Z,3,available,False,,0.0,,,False
636d9998-659b-4f37-ac0d-a6b5b7c011e9,1.0,acme-mining,site-01,maintenance_event,ACME-S01-MAINT-007,maintenance_gateway,2026-09-01T20:18:08.253Z,3,available,False,,0.0,,,False
8555e4e7-fdc0-4472-aebe-67fe422de498,1.0,acme-mining,site-01,maintenance_event,ACME-S01-MAINT-008,maintenance_gateway,2026-09-01T20:18:08.253Z,3,available,False,,0.0,,,False
3c365345-86d4-4673-acd0-62b4d938cf81,1.0,acme-mining,site-01,maintenance_event,ACME-S01-MAINT-009,maintenance_gateway,2026-09-01T20:18:08.253Z,3,available,False,,0.0,,,False
dababff1-b771-49c2-8bfe-c92378e79665,1.0,acme-mining,site-01,maintenance_event,ACME-S01-MAINT-010,maintenance_gateway,2026-09-01T20:18:08.253Z,3,available,False,,0.0,,,False
223359b3-350a-4daf-9533-91685d103c11,1.0,acme-mining,site-02,maintenance_event,ACME-S02-MAINT-001,maintenance_gateway,2026-09-01T20:18:08.253Z,3,available,False,,0.0,,,False
93c45b76-ead8-412d-948b-71967df0a5ce,1.0,acme-mining,site-02,maintenance_event,ACME-S02-MAINT-002,maintenance_gateway,2026-09-01T20:18:08.253Z,3,available,False,,0.0,,,False
3f0c0893-5af5-469e-a457-cff89fc09762,1.0,acme-mining,site-02,maintenance_event,ACME-S02-MAINT-003,maintenance_gateway,2026-09-01T20:18:08.253Z,3,available,False,,0.0,,,False
0d0bc9c3-2122-4196-a22f-3c6a33d20ae5,1.0,acme-mining,site-02,maintenance_event,ACME-S02-MAINT-004,maintenance_gateway,2026-09-01T20:18:08.253Z,3,available,False,,0.0,,,False
ca1328a3-8ab5-45b3-a1dc-491a7dc4ce48,1.0,acme-mining,site-02,maintenance_event,ACME-S02-MAINT-005,maintenance_gateway,2026-09-01T20:18:08.253Z,3,available,False,,0.0,,,False
1be66ce1-ee2f-42a3-9191-41a1425fc19e,1.0,acme-mining,site-02,maintenance_event,ACME-S02-MAINT-006,maintenance_gateway,2026-09-01T20:18:08.253Z,3,available,False,,0.0,,,False
e1b05725-728e-4f85-a9be-9b63d6cc3c15,1.0,acme-mining,site-02,maintenance_event,ACME-S02-MAINT-007,maintenance_gateway,2026-09-01T20:18:08.253Z,3,available,False,,0.0,,,False
81e31aa5-6c83-4a78-86f4-08b857656050,1.0,acme-mining,site-02,maintenance_event,ACME-S02-MAINT-008,maintenance_gateway,2026-09-01T20:18:08.253Z,3,available,False,,0.0,,,False
1cb7472c-5a0a-467d-925a-f6fba3ad248d,1.0,acme-mining,site-02,maintenance_event,ACME-S02-MAINT-009,maintenance_gateway,2026-09-01T20:18:08.253Z,3,available,False,,0.0,,,False
404fcb46-7ef9-4a17-8508-cf70cfbb508e,1.0,acme-mining,site-02,maintenance_event,ACME-S02-MAINT-010,maintenance_gateway,2026-09-01T20:18:08.253Z,3,available,False,,0.0,,,False
99ff9e5a-1342-4ea2-8846-3bcce82ddf50,1.0,beta-minerals,north-site,maintenance_event,BETA-NORTH-MAINT-001,maintenance_gateway,2026-09-01T20:18:08.253Z,3,available,False,,0.0,,,False
610284e0-a6bb-41dc-ae87-c7c340f249a2,1.0,beta-minerals,north-site,maintenance_event,BETA-NORTH-MAINT-002,maintenance_gateway,2026-09-01T20:18:08.253Z,3,available,False,,0.0,,,False
99269c0b-1d03-4cf8-9e7b-51ab7d7240aa,1.0,beta-minerals,north-site,maintenance_event,BETA-NORTH-MAINT-003,maintenance_gateway,2026-09-01T20:18:08.253Z,3,unplanned_downtime,True,electrical_fault,0.08,WO-BETA-NORTH-MAINT-003-000003,high,False
6c45872f-4f61-44a2-974e-630bd73ef6cb,1.0,beta-minerals,north-site,maintenance_event,BETA-NORTH-MAINT-004,maintenance_gateway,2026-09-01T20:18:08.253Z,3,available,False,,0.0,,,False
b52df081-aad5-43cb-a426-36a3dc79ec7a,1.0,beta-minerals,north-site,maintenance_event,BETA-NORTH-MAINT-005,maintenance_gateway,2026-09-01T20:18:08.253Z,3,available,False,,0.08,,,False
51491e68-9c5a-4ab8-b9a1-a32b877c82c5,1.0,beta-minerals,north-site,maintenance_event,BETA-NORTH-MAINT-006,maintenance_gateway,2026-09-01T20:18:08.253Z,3,available,False,,0.0,,,False
33226e8e-25fc-4742-a08c-bf8c9e0f1760,1.0,beta-minerals,north-site,maintenance_event,BETA-NORTH-MAINT-007,maintenance_gateway,2026-09-01T20:18:08.253Z,3,available,False,,0.0,,,False
9480ca8e-1b15-4cd3-bb76-c1e70841ca13,1.0,beta-minerals,north-site,maintenance_event,BETA-NORTH-MAINT-008,maintenance_gateway,2026-09-01T20:18:08.253Z,3,available,False,,0.0,,,False
e58422cb-defc-49ca-b424-638575f1228c,1.0,beta-minerals,north-site,maintenance_event,BETA-NORTH-MAINT-009,maintenance_gateway,2026-09-01T20:18:08.253Z,3,available,False,,0.0,,,False
3d48282d-eb4d-42b7-8102-69c5d84b9f0d,1.0,beta-minerals,north-site,maintenance_event,BETA-NORTH-MAINT-010,maintenance_gateway,2026-09-01T20:18:08.253Z,3,available,False,,0.0,,,False
9f6cc812-1c9e-4fd6-9c9a-d12f5bece018,1.0,beta-minerals,north-site,maintenance_event,BETA-NORTH-MAINT-011,maintenance_gateway,2026-09-01T20:18:08.253Z,3,available,False,,0.0,,,False
678c22c0-60d1-4557-8231-3f63aa8e3581,1.0,beta-minerals,north-site,maintenance_event,BETA-NORTH-MAINT-012,maintenance_gateway,2026-09-01T20:18:08.253Z,3,available,False,,0.0,,,False
1bf3fcd0-3f26-4a33-a59f-d9a0b7fb3860,1.0,beta-minerals,north-site,maintenance_event,BETA-NORTH-MAINT-013,maintenance_gateway,2026-09-01T20:18:08.253Z,3,available,False,,0.0,,,False
5dbced9f-4dae-4a0c-bc8c-abba3546e165,1.0,beta-minerals,north-site,maintenance_event,BETA-NORTH-MAINT-014,maintenance_gateway,2026-09-01T20:18:08.253Z,3,available,False,,0.0,,,False
e5314b6c-32f3-4ca5-b5f5-261d26f2f474,1.0,beta-minerals,north-site,maintenance_event,BETA-NORTH-MAINT-015,maintenance_gateway,2026-09-01T20:18:08.253Z,3,available,False,,0.0,,,False
7fe77174-209a-4071-affd-46c71766a8b8,1.0,beta-minerals,north-site,maintenance_event,BETA-NORTH-MAINT-016,maintenance_gateway,2026-09-01T20:18:08.253Z,3,available,False,,0.0,,,False
eebdd833-f068-46af-81c0-c7f3daa5d26c,1.0,beta-minerals,north-site,maintenance_event,BETA-NORTH-MAINT-017,maintenance_gateway,2026-09-01T20:18:08.253Z,3,available,False,,0.0,,,False
43e5df6d-9b7b-4e11-b573-732ed6a1213a,1.0,beta-minerals,north-site,maintenance_event,BETA-NORTH-MAINT-018,maintenance_gateway,2026-09-01T20:18:08.253Z,3,available,False,,0.08,,,False
04beaa1f-70df-4688-b480-d3caedfdebf1,1.0,beta-minerals,north-site,maintenance_event,BETA-NORTH-MAINT-019,maintenance_gateway,2026-09-01T20:18:08.253Z,3,available,False,,0.0,,,False
2cca4c49-6ac8-4dea-bf5f-311122cac2a6,1.0,beta-minerals,north-site,maintenance_event,BETA-NORTH-MAINT-020,maintenance_gateway,2026-09-01T20:18:08.253Z,3,available,False,,0.0,,,False
13192b00-112f-4967-97c8-73871ff80d6b,1.0,acme-mining,site-01,maintenance_event,ACME-S01-MAINT-001,maintenance_gateway,2026-09-01T20:18:13.253Z,4,available,False,,0.0,,,False
9e47867d-7967-4767-88b0-cc566def330b,1.0,acme-mining,site-01,maintenance_event,ACME-S01-MAINT-002,maintenance_gateway,2026-09-01T20:18:13.253Z,4,unplanned_downtime,True,electrical_fault,0.08,WO-ACME-S01-MAINT-002-000004,high,False
01d37384-17ed-455a-a12b-3c5137464802,1.0,acme-mining,site-01,maintenance_event,ACME-S01-MAINT-003,maintenance_gateway,2026-09-01T20:18:13.253Z,4,available,False,,0.0,,,False
5b1657c1-0af0-40ca-834b-89cbbf623df3,1.0,acme-mining,site-01,maintenance_event,ACME-S01-MAINT-004,maintenance_gateway,2026-09-01T20:18:13.253Z,4,available,False,,0.0,,,False
867fcb93-653d-42ce-9dbe-11b5e622c1e5,1.0,acme-mining,site-01,maintenance_event,ACME-S01-MAINT-005,maintenance_gateway,2026-09-01T20:18:13.253Z,4,available,False,,0.0,,,False
f06e4272-ba99-448f-84ea-b765debfe118,1.0,acme-mining,site-01,maintenance_event,ACME-S01-MAINT-006,maintenance_gateway,2026-09-01T20:18:13.253Z,4,available,False,,0.0,,,False
a6c51ff8-2196-481d-b3de-ac27907f926d,1.0,acme-mining,site-01,maintenance_event,ACME-S01-MAINT-007,maintenance_gateway,2026-09-01T20:18:13.253Z,4,available,False,,0.0,,,False
7abbda0c-64ff-490e-ac88-ed4b66f63508,1.0,acme-mining,site-01,maintenance_event,ACME-S01-MAINT-008,maintenance_gateway,2026-09-01T20:18:13.253Z,4,available,False,,0.0,,,False
1c60069c-405d-49f6-a19f-e9543bbf0777,1.0,acme-mining,site-01,maintenance_event,ACME-S01-MAINT-009,maintenance_gateway,2026-09-01T20:18:13.253Z,4,available,False,,0.0,,,False
b3b21208-6bec-4e02-b7a9-5264f5bb8698,1.0,acme-mining,site-01,maintenance_event,ACME-S01-MAINT-010,maintenance_gateway,2026-09-01T20:18:13.253Z,4,available,False,,0.0,,,False
a9821b13-9f49-4a5f-8a1d-cdc2d1987978,1.0,acme-mining,site-02,maintenance_event,ACME-S02-MAINT-001,maintenance_gateway,2026-09-01T20:18:13.253Z,4,available,False,,0.0,,,False
d669f4ca-cc56-4330-96e9-653898f67eb9,1.0,acme-mining,site-02,maintenance_event,ACME-S02-MAINT-002,maintenance_gateway,2026-09-01T20:18:13.253Z,4,available,False,,0.0,,,False
5683e64d-325b-4849-a4fe-8130ee7955f9,1.0,acme-mining,site-02,maintenance_event,ACME-S02-MAINT-003,maintenance_gateway,2026-09-01T20:18:13.253Z,4,available,False,,0.0,,,False
5bd77edc-a8cc-4db5-be06-5ddfc4388896,1.0,acme-mining,site-02,maintenance_event,ACME-S02-MAINT-004,maintenance_gateway,2026-09-01T20:18:13.253Z,4,available,False,,0.0,,,False
004c60af-7ce9-458a-a8d6-f882b77983f1,1.0,acme-mining,site-02,maintenance_event,ACME-S02-MAINT-005,maintenance_gateway,2026-09-01T20:18:13.253Z,4,available,False,,0.0,,,False
69e44411-2e5f-40ae-9993-d313617206e6,1.0,acme-mining,site-02,maintenance_event,ACME-S02-MAINT-006,maintenance_gateway,2026-09-01T20:18:13.253Z,4,available,False,,0.0,,,False
46731bb6-88ab-44fd-a0f8-3b07b6495e0f,1.0,acme-mining,site-02,maintenance_event,ACME-S02-MAINT-007,maintenance_gateway,2026-09-01T20:18:13.253Z,4,available,False,,0.0,,,False
b37708f3-1820-4027-ad0b-320ee178ee4d,1.0,acme-mining,site-02,maintenance_event,ACME-S02-MAINT-008,maintenance_gateway,2026-09-01T20:18:13.253Z,4,available,False,,0.0,,,False
8487d2dd-58c0-4609-be3c-7080ba91f9e7,1.0,acme-mining,site-02,maintenance_event,ACME-S02-MAINT-009,maintenance_gateway,2026-09-01T20:18:13.253Z,4,available,False,,0.0,,,False
d238c0fc-3108-4099-b6ab-e212550ecfd1,1.0,acme-mining,site-02,maintenance_event,ACME-S02-MAINT-010,maintenance_gateway,2026-09-01T20:18:13.253Z,4,available,False,,0.0,,,False
9903b368-6e7d-418d-ae79-dd85b18db5b9,1.0,beta-minerals,north-site,maintenance_event,BETA-NORTH-MAINT-001,maintenance_gateway,2026-09-01T20:18:13.253Z,4,available,False,,0.0,,,False
586d94fb-3960-4851-8e6f-f47d8a558c10,1.0,beta-minerals,north-site,maintenance_event,BETA-NORTH-MAINT-002,maintenance_gateway,2026-09-01T20:18:13.253Z,4,available,False,,0.0,,,False
9ee81ad5-039a-4807-b628-e9b1f33ba94e,1.0,beta-minerals,north-site,maintenance_event,BETA-NORTH-MAINT-003,maintenance_gateway,2026-09-01T20:18:13.253Z,4,available,False,,0.08,,,False
94f2b0c7-11d2-434f-8f83-fef192515898,1.0,beta-minerals,north-site,maintenance_event,BETA-NORTH-MAINT-004,maintenance_gateway,2026-09-01T20:18:13.253Z,4,available,False,,0.0,,,False
fd52dbf6-64d1-4eb9-aac0-7fd8bf844bd4,1.0,beta-minerals,north-site,maintenance_event,BETA-NORTH-MAINT-005,maintenance_gateway,2026-09-01T20:18:13.253Z,4,available,False,,0.08,,,False
98d46459-e485-4dba-b3de-a14a80334584,1.0,beta-minerals,north-site,maintenance_event,BETA-NORTH-MAINT-006,maintenance_gateway,2026-09-01T20:18:13.253Z,4,available,False,,0.0,,,False
08df4bc2-49da-4b97-9743-5fd2e71a3c8d,1.0,beta-minerals,north-site,maintenance_event,BETA-NORTH-MAINT-007,maintenance_gateway,2026-09-01T20:18:13.253Z,4,available,False,,0.0,,,False
c1f8ffcd-1b89-43d9-8f21-434eaffc5f72,1.0,beta-minerals,north-site,maintenance_event,BETA-NORTH-MAINT-008,maintenance_gateway,2026-09-01T20:18:13.253Z,4,available,False,,0.0,,,False
ac90f98a-ca04-40b3-87c4-5b858c2b0a6f,1.0,beta-minerals,north-site,maintenance_event,BETA-NORTH-MAINT-009,maintenance_gateway,2026-09-01T20:18:13.253Z,4,available,False,,0.0,,,False
8130fbf0-5395-4c87-8696-990260894098,1.0,beta-minerals,north-site,maintenance_event,BETA-NORTH-MAINT-010,maintenance_gateway,2026-09-01T20:18:13.253Z,4,available,False,,0.0,,,False
0cfdf79d-dbe3-4af2-bf49-1bc244659877,1.0,beta-minerals,north-site,maintenance_event,BETA-NORTH-MAINT-011,maintenance_gateway,2026-09-01T20:18:13.253Z,4,available,False,,0.0,,,False
a6e4c215-3ea0-48ca-81ba-5819b4e43398,1.0,beta-minerals,north-site,maintenance_event,BETA-NORTH-MAINT-012,maintenance_gateway,2026-09-01T20:18:13.253Z,4,available,False,,0.0,,,False
39ece469-460f-4a19-9846-04a625521828,1.0,beta-minerals,north-site,maintenance_event,BETA-NORTH-MAINT-013,maintenance_gateway,2026-09-01T20:18:13.253Z,4,available,False,,0.0,,,False
38b0c03d-393d-4707-9427-2d732d45524c,1.0,beta-minerals,north-site,maintenance_event,BETA-NORTH-MAINT-014,maintenance_gateway,2026-09-01T20:18:13.253Z,4,available,False,,0.0,,,False
bfe51abe-adad-4175-b641-ab14c72f5230,1.0,beta-minerals,north-site,maintenance_event,BETA-NORTH-MAINT-015,maintenance_gateway,2026-09-01T20:18:13.253Z,4,available,False,,0.0,,,False
d7335fce-286f-4ea5-be92-6bae57551a43,1.0,beta-minerals,north-site,maintenance_event,BETA-NORTH-MAINT-016,maintenance_gateway,2026-09-01T20:18:13.253Z,4,available,False,,0.0,,,False
c11b526d-fbad-47e8-8033-f0a4af52d6c4,1.0,beta-minerals,north-site,maintenance_event,BETA-NORTH-MAINT-017,maintenance_gateway,2026-09-01T20:18:13.253Z,4,available,False,,0.0,,,False
1a3e0cfe-d764-457a-9f43-533a6b14e5c3,1.0,beta-minerals,north-site,maintenance_event,BETA-NORTH-MAINT-018,maintenance_gateway,2026-09-01T20:18:13.253Z,4,available,False,,0.08,,,False
681e3744-1bae-400f-8ebe-ab878ac9383c,1.0,beta-minerals,north-site,maintenance_event,BETA-NORTH-MAINT-019,maintenance_gateway,2026-09-01T20:18:13.253Z,4,available,False,,0.0,,,False
17ec5dbe-a665-429d-ac4a-9ee7149f0cb8,1.0,beta-minerals,north-site,maintenance_event,BETA-NORTH-MAINT-020,maintenance_gateway,2026-09-01T20:18:13.253Z,4,available,False,,0.0,,,False
71ff4fb4-0a89-4b0b-ae55-8dbd0a353674,1.0,acme-mining,site-01,maintenance_event,ACME-S01-MAINT-001,maintenance_gateway,2026-09-01T20:18:18.253Z,5,available,False,,0.0,,,False
a95987cb-9ecf-48ef-a548-58effbdec9a5,1.0,acme-mining,site-01,maintenance_event,ACME-S01-MAINT-002,maintenance_gateway,2026-09-01T20:18:18.253Z,5,available,False,,0.08,,,False
1b4bd12c-4532-4427-8cea-d74df12db6c8,1.0,acme-mining,site-01,maintenance_event,ACME-S01-MAINT-003,maintenance_gateway,2026-09-01T20:18:18.253Z,5,available,False,,0.0,,,False
511367ce-7980-4555-8f2d-309b700fdb9e,1.0,acme-mining,site-01,maintenance_event,ACME-S01-MAINT-004,maintenance_gateway,2026-09-01T20:18:18.253Z,5,available,False,,0.0,,,False
bbbbd5cf-99fb-48e6-b01b-2d313880d71b,1.0,acme-mining,site-01,maintenance_event,ACME-S01-MAINT-005,maintenance_gateway,2026-09-01T20:18:18.253Z,5,available,False,,0.0,,,True
692cf88b-194b-431e-a2b3-b984db3fa795,1.0,acme-mining,site-01,maintenance_event,ACME-S01-MAINT-006,maintenance_gateway,2026-09-01T20:18:18.253Z,5,available,False,,0.0,,,False
b75af7ae-d092-4f25-8a8a-f1f431cd454d,1.0,acme-mining,site-01,maintenance_event,ACME-S01-MAINT-007,maintenance_gateway,2026-09-01T20:18:18.253Z,5,available,False,,0.0,,,False
e461f8e7-821b-4138-9ded-bfdb3d4c352a,1.0,acme-mining,site-01,maintenance_event,ACME-S01-MAINT-008,maintenance_gateway,2026-09-01T20:18:18.253Z,5,available,False,,0.0,,,False
9ee2dcb6-776f-427e-9c3b-b43cadc8e42e,1.0,acme-mining,site-01,maintenance_event,ACME-S01-MAINT-009,maintenance_gateway,2026-09-01T20:18:18.253Z,5,available,False,,0.0,,,False
e3c09a11-5309-455c-a9a9-ec9fafcf3a2e,1.0,acme-mining,site-01,maintenance_event,ACME-S01-MAINT-010,maintenance_gateway,2026-09-01T20:18:18.253Z,5,available,False,,0.0,,,False
6e0796b9-2e77-4360-ad69-3fb1a259d75b,1.0,acme-mining,site-02,maintenance_event,ACME-S02-MAINT-001,maintenance_gateway,2026-09-01T20:18:18.253Z,5,available,False,,0.0,,,False
f32b34e6-e941-4a24-943b-3f53020fe69d,1.0,acme-mining,site-02,maintenance_event,ACME-S02-MAINT-002,maintenance_gateway,2026-09-01T20:18:18.253Z,5,available,False,,0.0,,,False
ecaef618-9496-41a6-9664-dfdbc6dcef27,1.0,acme-mining,site-02,maintenance_event,ACME-S02-MAINT-003,maintenance_gateway,2026-09-01T20:18:18.253Z,5,available,False,,0.0,,,False
783667a0-d868-42cc-868a-7ffd15a73967,1.0,acme-mining,site-02,maintenance_event,ACME-S02-MAINT-004,maintenance_gateway,2026-09-01T20:18:18.253Z,5,available,False,,0.0,,,False
1223a168-9e94-4661-beac-712d3c56bf3e,1.0,acme-mining,site-02,maintenance_event,ACME-S02-MAINT-005,maintenance_gateway,2026-09-01T20:18:18.253Z,5,available,False,,0.0,,,False
97623d5f-4c82-4c3b-b49f-ae5d563dee8d,1.0,acme-mining,site-02,maintenance_event,ACME-S02-MAINT-006,maintenance_gateway,2026-09-01T20:18:18.253Z,5,available,False,,0.0,,,False
c42c0ba2-83e3-4118-a7ba-4c5ad434c044,1.0,acme-mining,site-02,maintenance_event,ACME-S02-MAINT-007,maintenance_gateway,2026-09-01T20:18:18.253Z,5,available,False,,0.0,,,False
07c9173a-f6b8-48c1-8420-a5514a4cc839,1.0,acme-mining,site-02,maintenance_event,ACME-S02-MAINT-008,maintenance_gateway,2026-09-01T20:18:18.253Z,5,available,False,,0.0,,,False
513f242f-385b-4ff7-8a14-aa6248fe37f5,1.0,acme-mining,site-02,maintenance_event,ACME-S02-MAINT-009,maintenance_gateway,2026-09-01T20:18:18.253Z,5,available,False,,0.0,,,False
169289ef-10ee-42ba-8db8-f13b8674cc1f,1.0,acme-mining,site-02,maintenance_event,ACME-S02-MAINT-010,maintenance_gateway,2026-09-01T20:18:18.253Z,5,available,False,,0.0,,,False
5c08cce3-9f65-49e4-bcbe-b43d8fec5df5,1.0,beta-minerals,north-site,maintenance_event,BETA-NORTH-MAINT-001,maintenance_gateway,2026-09-01T20:18:18.253Z,5,available,False,,0.0,,,False
0ad3a183-79b4-471a-92ad-f484b8d050a3,1.0,beta-minerals,north-site,maintenance_event,BETA-NORTH-MAINT-002,maintenance_gateway,2026-09-01T20:18:18.253Z,5,available,False,,0.0,,,False
a115b9a9-49d0-4c87-8911-2ce6cb9ab9ab,1.0,beta-minerals,north-site,maintenance_event,BETA-NORTH-MAINT-003,maintenance_gateway,2026-09-01T20:18:18.253Z,5,available,False,,0.08,,,False
417b9ea3-d2f0-4ef2-bbc1-7302e4cf17dc,1.0,beta-minerals,north-site,maintenance_event,BETA-NORTH-MAINT-004,maintenance_gateway,2026-09-01T20:18:18.253Z,5,available,False,,0.0,,,False
ed610dd6-b355-4979-af1a-86a825ffad7f,1.0,beta-minerals,north-site,maintenance_event,BETA-NORTH-MAINT-005,maintenance_gateway,2026-09-01T20:18:18.253Z,5,available,False,,0.08,,,False
a1d34f04-f21c-404b-a17a-174fb3b11bc7,1.0,beta-minerals,north-site,maintenance_event,BETA-NORTH-MAINT-006,maintenance_gateway,2026-09-01T20:18:18.253Z,5,available,False,,0.0,,,False
0d587908-9f5f-4aef-aa9c-54553e74efb4,1.0,beta-minerals,north-site,maintenance_event,BETA-NORTH-MAINT-007,maintenance_gateway,2026-09-01T20:18:18.253Z,5,available,False,,0.0,,,False
060f8859-95d1-45a7-b178-527c96293678,1.0,beta-minerals,north-site,maintenance_event,BETA-NORTH-MAINT-008,maintenance_gateway,2026-09-01T20:18:18.253Z,5,available,False,,0.0,,,False
5d2e62f0-8ca0-4dc1-801b-df133d0973d9,1.0,beta-minerals,north-site,maintenance_event,BETA-NORTH-MAINT-009,maintenance_gateway,2026-09-01T20:18:18.253Z,5,available,False,,0.0,,,False
0aa0c6c2-adb2-4aa1-b9c2-df1f9a2a977a,1.0,beta-minerals,north-site,maintenance_event,BETA-NORTH-MAINT-010,maintenance_gateway,2026-09-01T20:18:18.253Z,5,available,False,,0.0,,,False
b5b179bf-133c-4b3c-aab4-bc39ec2ba2fe,1.0,beta-minerals,north-site,maintenance_event,BETA-NORTH-MAINT-011,maintenance_gateway,2026-09-01T20:18:18.253Z,5,available,False,,0.0,,,False
6cd2bedb-3207-4eb6-b2b2-6db1fc2ce1e6,1.0,beta-minerals,north-site,maintenance_event,BETA-NORTH-MAINT-012,maintenance_gateway,2026-09-01T20:18:18.253Z,5,available,False,,0.0,,,False
006d8009-6f5c-46dc-80b5-d4fa3d7a4d75,1.0,beta-minerals,north-site,maintenance_event,BETA-NORTH-MAINT-013,maintenance_gateway,2026-09-01T20:18:18.253Z,5,available,False,,0.0,,,False
559977e9-0743-4aa5-923e-ae8405413c43,1.0,beta-minerals,north-site,maintenance_event,BETA-NORTH-MAINT-014,maintenance_gateway,2026-09-01T20:18:18.253Z,5,available,False,,0.0,,,False
822addce-b326-425c-95a0-7e7982d23042,1.0,beta-minerals,north-site,maintenance_event,BETA-NORTH-MAINT-015,maintenance_gateway,2026-09-01T20:18:18.253Z,5,available,False,,0.0,,,False
c15b94be-66be-4c57-849f-fbdc9cf80a1c,1.0,beta-minerals,north-site,maintenance_event,BETA-NORTH-MAINT-016,maintenance_gateway,2026-09-01T20:18:18.253Z,5,available,False,,0.0,,,False
e40ce522-cd34-4c00-b87c-2d57f07890b9,1.0,beta-minerals,north-site,maintenance_event,BETA-NORTH-MAINT-017,maintenance_gateway,2026-09-01T20:18:18.253Z,5,available,False,,0.0,,,False
ce594eda-5bae-4cdd-82b6-a20860c73752,1.0,beta-minerals,north-site,maintenance_event,BETA-NORTH-MAINT-018,maintenance_gateway,2026-09-01T20:18:18.253Z,5,available,False,,0.08,,,False
5f30528d-57bc-4170-ae8a-4275cf6aa5c1,1.0,beta-minerals,north-site,maintenance_event,BETA-NORTH-MAINT-019,maintenance_gateway,2026-09-01T20:18:18.253Z,5,available,False,,0.0,,,True
c7702297-f97d-4400-8b19-d2d2a260359a,1.0,beta-minerals,north-site,maintenance_event,BETA-NORTH-MAINT-020,maintenance_gateway,2026-09-01T20:18:18.253Z,5,available,False,,0.0,,,False
63efa2c9-2a79-4cf2-b968-8c0c8fab0996,1.0,acme-mining,site-01,maintenance_event,ACME-S01-MAINT-001,maintenance_gateway,2026-09-01T20:18:23.253Z,6,available,False,,0.0,,,True
b95aa943-1d60-4261-bba8-10f8641dcb3c,1.0,acme-mining,site-01,maintenance_event,ACME-S01-MAINT-002,maintenance_gateway,2026-09-01T20:18:23.253Z,6,available,False,,0.08,,,False
b7838732-70ee-4558-9877-47ac54fd93f3,1.0,acme-mining,site-01,maintenance_event,ACME-S01-MAINT-003,maintenance_gateway,2026-09-01T20:18:23.253Z,6,available,False,,0.0,,,False
0abd3672-0dd4-4c3b-bfaf-503a9e737ee8,1.0,acme-mining,site-01,maintenance_event,ACME-S01-MAINT-004,maintenance_gateway,2026-09-01T20:18:23.253Z,6,available,False,,0.0,,,False
d57f2282-74d5-4914-aa76-518f6d2d47a8,1.0,acme-mining,site-01,maintenance_event,ACME-S01-MAINT-005,maintenance_gateway,2026-09-01T20:18:23.253Z,6,available,False,,0.0,,,False
f83df3c0-f291-4df6-853a-e3b7658ba043,1.0,acme-mining,site-01,maintenance_event,ACME-S01-MAINT-006,maintenance_gateway,2026-09-01T20:18:23.253Z,6,available,False,,0.0,,,False
f0a0e53c-bf9a-4d52-af3d-8d314a42a5f2,1.0,acme-mining,site-01,maintenance_event,ACME-S01-MAINT-007,maintenance_gateway,2026-09-01T20:18:23.253Z,6,available,False,,0.0,,,False
f1886d57-9b07-4886-9448-ec8f9984c76d,1.0,acme-mining,site-01,maintenance_event,ACME-S01-MAINT-008,maintenance_gateway,2026-09-01T20:18:23.253Z,6,available,False,,0.0,,,False
22f8f7f8-bcce-4384-b0a9-1718fba7ca36,1.0,acme-mining,site-01,maintenance_event,ACME-S01-MAINT-009,maintenance_gateway,2026-09-01T20:18:23.253Z,6,unplanned_downtime,True,mechanical_failure,0.08,WO-ACME-S01-MAINT-009-000006,high,False
d45b4a6d-7077-45bb-8e92-67d30d597221,1.0,acme-mining,site-01,maintenance_event,ACME-S01-MAINT-010,maintenance_gateway,2026-09-01T20:18:23.253Z,6,available,False,,0.0,,,False
b08a7d4b-7855-4dc5-a081-7633fb82e169,1.0,acme-mining,site-02,maintenance_event,ACME-S02-MAINT-001,maintenance_gateway,2026-09-01T20:18:23.253Z,6,available,False,,0.0,,,False
4b2b69e0-1b02-40cf-b929-b934efeadde7,1.0,acme-mining,site-02,maintenance_event,ACME-S02-MAINT-002,maintenance_gateway,2026-09-01T20:18:23.253Z,6,available,False,,0.0,,,False
88364376-8df5-46fd-aa4a-2f14cf683226,1.0,acme-mining,site-02,maintenance_event,ACME-S02-MAINT-003,maintenance_gateway,2026-09-01T20:18:23.253Z,6,available,False,,0.0,,,False
92043c4e-6447-43a5-9568-881225d12bc4,1.0,acme-mining,site-02,maintenance_event,ACME-S02-MAINT-004,maintenance_gateway,2026-09-01T20:18:23.253Z,6,available,False,,0.0,,,False
a7078596-f8f7-41a4-95ea-ba48618d03bc,1.0,acme-mining,site-02,maintenance_event,ACME-S02-MAINT-005,maintenance_gateway,2026-09-01T20:18:23.253Z,6,available,False,,0.0,,,False
d37734d6-852d-4de1-bc19-4afe2ed8a932,1.0,acme-mining,site-02,maintenance_event,ACME-S02-MAINT-006,maintenance_gateway,2026-09-01T20:18:23.253Z,6,available,False,,0.0,,,False
4a90af3a-9b24-48e9-8849-b287cde1d815,1.0,acme-mining,site-02,maintenance_event,ACME-S02-MAINT-007,maintenance_gateway,2026-09-01T20:18:23.253Z,6,available,False,,0.0,,,False
859f4acc-d1a3-46de-a87e-55576e133af7,1.0,acme-mining,site-02,maintenance_event,ACME-S02-MAINT-008,maintenance_gateway,2026-09-01T20:18:23.253Z,6,available,False,,0.0,,,False
ea39ed89-d035-4819-9645-5d704933d072,1.0,acme-mining,site-02,maintenance_event,ACME-S02-MAINT-009,maintenance_gateway,2026-09-01T20:18:23.253Z,6,available,False,,0.0,,,False
9603651c-078a-49bd-a458-0956187ac0d2,1.0,acme-mining,site-02,maintenance_event,ACME-S02-MAINT-010,maintenance_gateway,2026-09-01T20:18:23.253Z,6,available,False,,0.0,,,False
9cf0fd5f-b10a-41c1-8082-719d8f10ab84,1.0,beta-minerals,north-site,maintenance_event,BETA-NORTH-MAINT-001,maintenance_gateway,2026-09-01T20:18:23.253Z,6,available,False,,0.0,,,False
68020387-a94b-4093-ac3d-62f824aa410b,1.0,beta-minerals,north-site,maintenance_event,BETA-NORTH-MAINT-002,maintenance_gateway,2026-09-01T20:18:23.253Z,6,available,False,,0.0,,,False
5a1fdeb1-eca3-4608-9c3d-15945047e007,1.0,beta-minerals,north-site,maintenance_event,BETA-NORTH-MAINT-003,maintenance_gateway,2026-09-01T20:18:23.253Z,6,available,False,,0.08,,,False
1928fb55-0256-4600-b8e4-78dfd8e1f0f0,1.0,beta-minerals,north-site,maintenance_event,BETA-NORTH-MAINT-004,maintenance_gateway,2026-09-01T20:18:23.253Z,6,available,False,,0.0,,,False
c27140cd-491f-4e2b-b561-bb80b2952eda,1.0,beta-minerals,north-site,maintenance_event,BETA-NORTH-MAINT-005,maintenance_gateway,2026-09-01T20:18:23.253Z,6,unplanned_downtime,True,hydraulic_leak,0.17,WO-BETA-NORTH-MAINT-005-000006,high,False
8806d86a-d238-4586-9a24-b3e8747ea308,1.0,beta-minerals,north-site,maintenance_event,BETA-NORTH-MAINT-006,maintenance_gateway,2026-09-01T20:18:23.253Z,6,available,False,,0.0,,,False
0518fbd8-29c2-46ba-9ea3-aea4e3270424,1.0,beta-minerals,north-site,maintenance_event,BETA-NORTH-MAINT-007,maintenance_gateway,2026-09-01T20:18:23.253Z,6,available,False,,0.0,,,False
5161d104-d9f0-43c0-968a-a61d56eaae7e,1.0,beta-minerals,north-site,maintenance_event,BETA-NORTH-MAINT-008,maintenance_gateway,2026-09-01T20:18:23.253Z,6,available,False,,0.0,,,False
a853fa67-f9ad-46a3-b316-e312d3223251,1.0,beta-minerals,north-site,maintenance_event,BETA-NORTH-MAINT-009,maintenance_gateway,2026-09-01T20:18:23.253Z,6,available,False,,0.0,,,False
59eb5f17-898e-4286-aad3-7ae5bffbd25b,1.0,beta-minerals,north-site,maintenance_event,BETA-NORTH-MAINT-010,maintenance_gateway,2026-09-01T20:18:23.253Z,6,available,False,,0.0,,,False
58a02b14-8cca-435f-adb8-849472014928,1.0,beta-minerals,north-site,maintenance_event,BETA-NORTH-MAINT-011,maintenance_gateway,2026-09-01T20:18:23.253Z,6,available,False,,0.0,,,False
2e5dfba7-f523-458d-817a-6820579b73ae,1.0,beta-minerals,north-site,maintenance_event,BETA-NORTH-MAINT-012,maintenance_gateway,2026-09-01T20:18:23.253Z,6,available,False,,0.0,,,False
fed4ecf6-9fd5-4111-9208-5b37695b8e4a,1.0,beta-minerals,north-site,maintenance_event,BETA-NORTH-MAINT-013,maintenance_gateway,2026-09-01T20:18:23.253Z,6,available,False,,0.0,,,False
063f06eb-925a-428b-b976-ea9a9cb321a1,1.0,beta-minerals,north-site,maintenance_event,BETA-NORTH-MAINT-014,maintenance_gateway,2026-09-01T20:18:23.253Z,6,available,False,,0.0,,,False
6de4ac81-a064-49e1-9d15-b14b4026de02,1.0,beta-minerals,north-site,maintenance_event,BETA-NORTH-MAINT-015,maintenance_gateway,2026-09-01T20:18:23.253Z,6,available,False,,0.0,,,False
88ba6f48-c98d-429a-8c05-cf5fc5359e78,1.0,beta-minerals,north-site,maintenance_event,BETA-NORTH-MAINT-016,maintenance_gateway,2026-09-01T20:18:23.253Z,6,available,False,,0.0,,,False
6c214943-3bf7-42e4-adf9-f018bb431dca,1.0,beta-minerals,north-site,maintenance_event,BETA-NORTH-MAINT-017,maintenance_gateway,2026-09-01T20:18:23.253Z,6,unplanned_downtime,True,electrical_fault,0.08,WO-BETA-NORTH-MAINT-017-000006,high,False
9530106d-d2b0-4510-8a30-b1fe8b6bb4b0,1.0,beta-minerals,north-site,maintenance_event,BETA-NORTH-MAINT-018,maintenance_gateway,2026-09-01T20:18:23.253Z,6,available,False,,0.08,,,True
4e689a10-c1be-4f35-94ad-913bc7df43dc,1.0,beta-minerals,north-site,maintenance_event,BETA-NORTH-MAINT-019,maintenance_gateway,2026-09-01T20:18:23.253Z,6,available,False,,0.0,,,False
91f7edb7-c61f-4175-bc69-0916f9ccc92a,1.0,beta-minerals,north-site,maintenance_event,BETA-NORTH-MAINT-020,maintenance_gateway,2026-09-01T20:18:23.253Z,6,available,False,,0.0,,,False
a7c76e6f-c023-4249-af0b-8ae9ca1f040b,1.0,acme-mining,site-01,maintenance_event,ACME-S01-MAINT-001,maintenance_gateway,2026-09-01T20:18:28.253Z,7,available,False,,0.0,,,False
84b09bac-10a2-4876-9f16-00b6c2c134c5,1.0,acme-mining,site-01,maintenance_event,ACME-S01-MAINT-002,maintenance_gateway,2026-09-01T20:18:28.253Z,7,available,False,,0.08,,,False
a2c154fd-efdc-4f90-856a-f30d24f61510,1.0,acme-mining,site-01,maintenance_event,ACME-S01-MAINT-003,maintenance_gateway,2026-09-01T20:18:28.253Z,7,available,False,,0.0,,,False
57dff9a2-4a14-438b-8de0-6d52cf4c4b16,1.0,acme-mining,site-01,maintenance_event,ACME-S01-MAINT-004,maintenance_gateway,2026-09-01T20:18:28.253Z,7,unplanned_downtime,True,mechanical_failure,0.08,WO-ACME-S01-MAINT-004-000007,high,False
69a7ec1f-63ed-4486-b7f5-aab0466e0503,1.0,acme-mining,site-01,maintenance_event,ACME-S01-MAINT-005,maintenance_gateway,2026-09-01T20:18:28.253Z,7,available,False,,0.0,,,False
16c16913-5bc9-4af5-9eec-9ace38a6f691,1.0,acme-mining,site-01,maintenance_event,ACME-S01-MAINT-006,maintenance_gateway,2026-09-01T20:18:28.253Z,7,available,False,,0.0,,,False
e613a653-4651-49c7-842f-0efc503785ed,1.0,acme-mining,site-01,maintenance_event,ACME-S01-MAINT-007,maintenance_gateway,2026-09-01T20:18:28.253Z,7,available,False,,0.0,,,False
92e7bb78-1f85-41f0-b71f-928c8dd69390,1.0,acme-mining,site-01,maintenance_event,ACME-S01-MAINT-008,maintenance_gateway,2026-09-01T20:18:28.253Z,7,available,False,,0.0,,,False
c33d4a86-6796-4e76-9c9e-a6978953b7cb,1.0,acme-mining,site-01,maintenance_event,ACME-S01-MAINT-009,maintenance_gateway,2026-09-01T20:18:28.253Z,7,available,False,,0.08,,,False
b91307d0-ced9-495c-87df-18b817a35b2f,1.0,acme-mining,site-01,maintenance_event,ACME-S01-MAINT-010,maintenance_gateway,2026-09-01T20:18:28.253Z,7,available,False,,0.0,,,False
ce5714a6-fedb-4396-860b-9ef115ed7de6,1.0,acme-mining,site-02,maintenance_event,ACME-S02-MAINT-001,maintenance_gateway,2026-09-01T20:18:28.253Z,7,available,False,,0.0,,,False
b5e8ede5-6653-49be-9dfe-09a0abd17389,1.0,acme-mining,site-02,maintenance_event,ACME-S02-MAINT-002,maintenance_gateway,2026-09-01T20:18:28.253Z,7,available,False,,0.0,,,False
c770bd3e-5509-4064-938d-247408bdf3a4,1.0,acme-mining,site-02,maintenance_event,ACME-S02-MAINT-003,maintenance_gateway,2026-09-01T20:18:28.253Z,7,available,False,,0.0,,,False
128629d4-373f-4e66-bd48-f0cd52cdd9d6,1.0,acme-mining,site-02,maintenance_event,ACME-S02-MAINT-004,maintenance_gateway,2026-09-01T20:18:28.253Z,7,available,False,,0.0,,,False
de017f29-0457-446f-8851-eec7986b4010,1.0,acme-mining,site-02,maintenance_event,ACME-S02-MAINT-005,maintenance_gateway,2026-09-01T20:18:28.253Z,7,available,False,,0.0,,,False
54fa2d05-b85c-4167-b786-17504bd05a5a,1.0,acme-mining,site-02,maintenance_event,ACME-S02-MAINT-006,maintenance_gateway,2026-09-01T20:18:28.253Z,7,available,False,,0.0,,,False
b5aa3f32-5e3e-4377-8a02-0ec154a6803f,1.0,acme-mining,site-02,maintenance_event,ACME-S02-MAINT-007,maintenance_gateway,2026-09-01T20:18:28.253Z,7,available,False,,0.0,,,False
ccbff8bd-7a4a-4224-9f13-e718a34dde08,1.0,acme-mining,site-02,maintenance_event,ACME-S02-MAINT-008,maintenance_gateway,2026-09-01T20:18:28.253Z,7,available,False,,0.0,,,False
389d6b77-15f5-44a2-a23f-7c5db2091cc1,1.0,acme-mining,site-02,maintenance_event,ACME-S02-MAINT-009,maintenance_gateway,2026-09-01T20:18:28.253Z,7,available,False,,0.0,,,False
a08d9643-8bdd-402d-9233-ac0ed966ab9c,1.0,acme-mining,site-02,maintenance_event,ACME-S02-MAINT-010,maintenance_gateway,2026-09-01T20:18:28.253Z,7,available,False,,0.0,,,False
ebfe627d-867c-45bf-9df6-3607a4ddff97,1.0,beta-minerals,north-site,maintenance_event,BETA-NORTH-MAINT-001,maintenance_gateway,2026-09-01T20:18:28.253Z,7,available,False,,0.0,,,True
bc493f0d-d55a-451e-9494-9aecae3d7ec7,1.0,beta-minerals,north-site,maintenance_event,BETA-NORTH-MAINT-002,maintenance_gateway,2026-09-01T20:18:28.253Z,7,available,False,,0.0,,,False
dcd0e1e5-2577-4332-aad1-49ffdcbe9442,1.0,beta-minerals,north-site,maintenance_event,BETA-NORTH-MAINT-003,maintenance_gateway,2026-09-01T20:18:28.253Z,7,available,False,,0.08,,,False
bb909743-1e46-41a0-913f-67f5e053f89c,1.0,beta-minerals,north-site,maintenance_event,BETA-NORTH-MAINT-004,maintenance_gateway,2026-09-01T20:18:28.253Z,7,available,False,,0.0,,,False
0f996fe4-403b-4b21-be3e-f50042994db5,1.0,beta-minerals,north-site,maintenance_event,BETA-NORTH-MAINT-005,maintenance_gateway,2026-09-01T20:18:28.253Z,7,available,False,,0.17,,,False
33246b0d-8dda-4a39-8fb3-fdb4488414ff,1.0,beta-minerals,north-site,maintenance_event,BETA-NORTH-MAINT-006,maintenance_gateway,2026-09-01T20:18:28.253Z,7,available,False,,0.0,,,False
54727119-7314-4525-a1fb-353eae7b5ee8,1.0,beta-minerals,north-site,maintenance_event,BETA-NORTH-MAINT-007,maintenance_gateway,2026-09-01T20:18:28.253Z,7,unplanned_downtime,True,mechanical_failure,0.08,WO-BETA-NORTH-MAINT-007-000007,high,False
08b2ea63-bfc1-4555-8daa-2f61e0068180,1.0,beta-minerals,north-site,maintenance_event,BETA-NORTH-MAINT-008,maintenance_gateway,2026-09-01T20:18:28.253Z,7,available,False,,0.0,,,False
09f6c56f-bb81-4f9e-9ca0-8763b148ba32,1.0,beta-minerals,north-site,maintenance_event,BETA-NORTH-MAINT-009,maintenance_gateway,2026-09-01T20:18:28.253Z,7,unplanned_downtime,True,hydraulic_leak,0.08,WO-BETA-NORTH-MAINT-009-000007,high,False
d0c1f7c4-2551-43db-8701-52a8c9e6051b,1.0,beta-minerals,north-site,maintenance_event,BETA-NORTH-MAINT-010,maintenance_gateway,2026-09-01T20:18:28.253Z,7,available,False,,0.0,,,False
44e06952-913e-4773-8daf-2fbf61ab9a84,1.0,beta-minerals,north-site,maintenance_event,BETA-NORTH-MAINT-011,maintenance_gateway,2026-09-01T20:18:28.253Z,7,available,False,,0.0,,,False
1c4457f1-b885-4c4b-be7b-73de5b74eab2,1.0,beta-minerals,north-site,maintenance_event,BETA-NORTH-MAINT-012,maintenance_gateway,2026-09-01T20:18:28.253Z,7,available,False,,0.0,,,False
4143b7d7-c0ac-41eb-857c-a37365f4b52a,1.0,beta-minerals,north-site,maintenance_event,BETA-NORTH-MAINT-013,maintenance_gateway,2026-09-01T20:18:28.253Z,7,available,False,,0.0,,,False
192dca2c-08ba-4f64-854d-51720978a117,1.0,beta-minerals,north-site,maintenance_event,BETA-NORTH-MAINT-014,maintenance_gateway,2026-09-01T20:18:28.253Z,7,available,False,,0.0,,,False
97777a18-4555-40c9-9bb0-ad84c93db211,1.0,beta-minerals,north-site,maintenance_event,BETA-NORTH-MAINT-015,maintenance_gateway,2026-09-01T20:18:28.253Z,7,available,False,,0.0,,,False
bc5cdc8f-1815-451b-9daa-f0a6ffed6be8,1.0,beta-minerals,north-site,maintenance_event,BETA-NORTH-MAINT-016,maintenance_gateway,2026-09-01T20:18:28.253Z,7,available,False,,0.0,,,False
69299162-3d37-44ea-9aed-6750b72af279,1.0,beta-minerals,north-site,maintenance_event,BETA-NORTH-MAINT-017,maintenance_gateway,2026-09-01T20:18:28.253Z,7,available,False,,0.08,,,False
4200c2a6-3aec-4fef-99bb-c86cbdede4b4,1.0,beta-minerals,north-site,maintenance_event,BETA-NORTH-MAINT-018,maintenance_gateway,2026-09-01T20:18:28.253Z,7,available,False,,0.08,,,False
66979b5a-8d71-4070-a624-28ad1081b6a7,1.0,beta-minerals,north-site,maintenance_event,BETA-NORTH-MAINT-019,maintenance_gateway,2026-09-01T20:18:28.253Z,7,available,False,,0.0,,,False
0e9d2435-3e4e-401c-b89a-bbd95ba361c4,1.0,beta-minerals,north-site,maintenance_event,BETA-NORTH-MAINT-020,maintenance_gateway,2026-09-01T20:18:28.253Z,7,available,False,,0.0,,,False
d4fc6efe-1128-466a-af43-4f9006b633d2,1.0,acme-mining,site-01,maintenance_event,ACME-S01-MAINT-001,maintenance_gateway,2026-09-01T20:18:33.253Z,8,available,False,,0.0,,,False
c917da66-cfc7-487b-8c50-3e45ae72ae75,1.0,acme-mining,site-01,maintenance_event,ACME-S01-MAINT-002,maintenance_gateway,2026-09-01T20:18:33.253Z,8,available,False,,0.08,,,False
6ff2402f-0ac6-438e-88b4-86faeb29ac00,1.0,acme-mining,site-01,maintenance_event,ACME-S01-MAINT-003,maintenance_gateway,2026-09-01T20:18:33.253Z,8,available,False,,0.0,,,False
28a5c862-53e0-4c80-8799-2752d81cdcd6,1.0,acme-mining,site-01,maintenance_event,ACME-S01-MAINT-004,maintenance_gateway,2026-09-01T20:18:33.253Z,8,available,False,,0.08,,,False
ad22e581-8889-4ecf-8041-b0d14d9501d3,1.0,acme-mining,site-01,maintenance_event,ACME-S01-MAINT-005,maintenance_gateway,2026-09-01T20:18:33.253Z,8,available,False,,0.0,,,False
3a048948-170f-4ede-bdb9-84927a6a8d76,1.0,acme-mining,site-01,maintenance_event,ACME-S01-MAINT-006,maintenance_gateway,2026-09-01T20:18:33.253Z,8,available,False,,0.0,,,False
3ebe6f6c-2ba4-4860-8c5b-bba8224e4d1e,1.0,acme-mining,site-01,maintenance_event,ACME-S01-MAINT-007,maintenance_gateway,2026-09-01T20:18:33.253Z,8,available,False,,0.0,,,False
f48d9bce-7bab-4c51-a7be-7e886ad3ba17,1.0,acme-mining,site-01,maintenance_event,ACME-S01-MAINT-008,maintenance_gateway,2026-09-01T20:18:33.253Z,8,available,False,,0.0,,,False
a9234d46-5388-47c1-8ef9-cc4d338c718c,1.0,acme-mining,site-01,maintenance_event,ACME-S01-MAINT-009,maintenance_gateway,2026-09-01T20:18:33.253Z,8,available,False,,0.08,,,False
13e280e1-8804-4eb4-87d8-b75e4329117c,1.0,acme-mining,site-01,maintenance_event,ACME-S01-MAINT-010,maintenance_gateway,2026-09-01T20:18:33.253Z,8,available,False,,0.0,,,False
6233a1b3-1bd7-4039-966b-b50e5fbd66de,1.0,acme-mining,site-02,maintenance_event,ACME-S02-MAINT-001,maintenance_gateway,2026-09-01T20:18:33.253Z,8,available,False,,0.0,,,False
688bf2b8-1e92-4248-9f33-b9a8c049b523,1.0,acme-mining,site-02,maintenance_event,ACME-S02-MAINT-002,maintenance_gateway,2026-09-01T20:18:33.253Z,8,available,False,,0.0,,,False
f3683cd4-9fa4-4f6d-b30b-cf100ce3e49f,1.0,acme-mining,site-02,maintenance_event,ACME-S02-MAINT-003,maintenance_gateway,2026-09-01T20:18:33.253Z,8,available,False,,0.0,,,False
e2e250dd-a923-49ad-86a5-e55b782d4279,1.0,acme-mining,site-02,maintenance_event,ACME-S02-MAINT-004,maintenance_gateway,2026-09-01T20:18:33.253Z,8,available,False,,0.0,,,False
eb86fe9d-509c-4f40-854a-1544f276ca88,1.0,acme-mining,site-02,maintenance_event,ACME-S02-MAINT-005,maintenance_gateway,2026-09-01T20:18:33.253Z,8,available,False,,0.0,,,False
d7d140fb-e338-4aad-8398-ca21d046f8c7,1.0,acme-mining,site-02,maintenance_event,ACME-S02-MAINT-006,maintenance_gateway,2026-09-01T20:18:33.253Z,8,available,False,,0.0,,,False
f8f059f8-d9ce-40cd-8d0c-dd4ad2c128a6,1.0,acme-mining,site-02,maintenance_event,ACME-S02-MAINT-007,maintenance_gateway,2026-09-01T20:18:33.253Z,8,available,False,,0.0,,,False
30772e1e-1943-4224-a5e8-c78a973e2a68,1.0,acme-mining,site-02,maintenance_event,ACME-S02-MAINT-008,maintenance_gateway,2026-09-01T20:18:33.253Z,8,available,False,,0.0,,,False
804cfbb5-ad8b-49cb-9fca-6fd156021e2d,1.0,acme-mining,site-02,maintenance_event,ACME-S02-MAINT-009,maintenance_gateway,2026-09-01T20:18:33.253Z,8,available,False,,0.0,,,False
df78e663-a931-48d4-af36-29930e8eb892,1.0,acme-mining,site-02,maintenance_event,ACME-S02-MAINT-010,maintenance_gateway,2026-09-01T20:18:33.253Z,8,available,False,,0.0,,,False
0310b55e-2012-4cf4-907e-b64b8edfa355,1.0,beta-minerals,north-site,maintenance_event,BETA-NORTH-MAINT-001,maintenance_gateway,2026-09-01T20:18:33.253Z,8,available,False,,0.0,,,False
bfa4479c-30c7-48e1-ac5c-ac8fabc844e9,1.0,beta-minerals,north-site,maintenance_event,BETA-NORTH-MAINT-002,maintenance_gateway,2026-09-01T20:18:33.253Z,8,available,False,,0.0,,,False
1acf65fb-8167-4966-86ec-8badbf8468b7,1.0,beta-minerals,north-site,maintenance_event,BETA-NORTH-MAINT-003,maintenance_gateway,2026-09-01T20:18:33.253Z,8,available,False,,0.08,,,False
6fc1365e-64ff-42cc-bde0-50ab74293d60,1.0,beta-minerals,north-site,maintenance_event,BETA-NORTH-MAINT-004,maintenance_gateway,2026-09-01T20:18:33.253Z,8,available,False,,0.0,,,False
99f2664d-1eef-4d8e-9c7f-48a5ba66c616,1.0,beta-minerals,north-site,maintenance_event,BETA-NORTH-MAINT-005,maintenance_gateway,2026-09-01T20:18:33.253Z,8,available,False,,0.17,,,False
563b6053-ff17-4a59-8199-ff96d39a0ddf,1.0,beta-minerals,north-site,maintenance_event,BETA-NORTH-MAINT-006,maintenance_gateway,2026-09-01T20:18:33.253Z,8,available,False,,0.0,,,False
7c7cfc55-ee0c-4362-9c3d-60d307fb4f8e,1.0,beta-minerals,north-site,maintenance_event,BETA-NORTH-MAINT-007,maintenance_gateway,2026-09-01T20:18:33.253Z,8,available,False,,0.08,,,False
d88819fb-dbf6-4e80-a4c2-20aae9af3d22,1.0,beta-minerals,north-site,maintenance_event,BETA-NORTH-MAINT-008,maintenance_gateway,2026-09-01T20:18:33.253Z,8,available,False,,0.0,,,False
6dc9149e-22c5-4ed8-9711-1a5226099b9b,1.0,beta-minerals,north-site,maintenance_event,BETA-NORTH-MAINT-009,maintenance_gateway,2026-09-01T20:18:33.253Z,8,available,False,,0.08,,,False
b2f59a40-200d-43e2-9123-fb327c075fc1,1.0,beta-minerals,north-site,maintenance_event,BETA-NORTH-MAINT-010,maintenance_gateway,2026-09-01T20:18:33.253Z,8,available,False,,0.0,,,False
25d49a56-336c-4bd4-a663-b56e77a52873,1.0,beta-minerals,north-site,maintenance_event,BETA-NORTH-MAINT-011,maintenance_gateway,2026-09-01T20:18:33.253Z,8,unplanned_downtime,True,hydraulic_leak,0.08,WO-BETA-NORTH-MAINT-011-000008,high,False
f89c1710-6bf5-4077-a504-82876196ba8d,1.0,beta-minerals,north-site,maintenance_event,BETA-NORTH-MAINT-012,maintenance_gateway,2026-09-01T20:18:33.253Z,8,available,False,,0.0,,,False
0bc04223-6ff6-4dc8-be6c-c4f35fcf6e25,1.0,beta-minerals,north-site,maintenance_event,BETA-NORTH-MAINT-013,maintenance_gateway,2026-09-01T20:18:33.253Z,8,available,False,,0.0,,,False
49a9bc80-5653-4f6c-905a-3f20642e716e,1.0,beta-minerals,north-site,maintenance_event,BETA-NORTH-MAINT-014,maintenance_gateway,2026-09-01T20:18:33.253Z,8,available,False,,0.0,,,False
600f4e6a-0f82-4c24-8dd4-3f5f88af7fdf,1.0,beta-minerals,north-site,maintenance_event,BETA-NORTH-MAINT-015,maintenance_gateway,2026-09-01T20:18:33.253Z,8,available,False,,0.0,,,False
38d1b91e-9f1d-47c5-8706-0803fee84f47,1.0,beta-minerals,north-site,maintenance_event,BETA-NORTH-MAINT-016,maintenance_gateway,2026-09-01T20:18:33.253Z,8,available,False,,0.0,,,False
a5ae268a-14be-4303-b04a-d945ce2cd994,1.0,beta-minerals,north-site,maintenance_event,BETA-NORTH-MAINT-017,maintenance_gateway,2026-09-01T20:18:33.253Z,8,available,False,,0.08,,,False
09bdaf6f-ced0-42a2-85c0-ced52dd1aa77,1.0,beta-minerals,north-site,maintenance_event,BETA-NORTH-MAINT-018,maintenance_gateway,2026-09-01T20:18:33.253Z,8,available,False,,0.08,,,False
b816148c-c906-4679-90fe-2e6778ef7e70,1.0,beta-minerals,north-site,maintenance_event,BETA-NORTH-MAINT-019,maintenance_gateway,2026-09-01T20:18:33.253Z,8,available,False,,0.0,,,False
38a37735-16a0-48c1-bd55-e848cd72008e,1.0,beta-minerals,north-site,maintenance_event,BETA-NORTH-MAINT-020,maintenance_gateway,2026-09-01T20:18:33.253Z,8,available,False,,0.0,,,False
506e4040-3adc-4cbb-b6ca-1da4f3c4304b,1.0,acme-mining,site-01,maintenance_event,ACME-S01-MAINT-001,maintenance_gateway,2026-09-01T20:18:38.253Z,9,available,False,,0.0,,,False
e635cbde-2db5-4980-9bd2-8be5740a45de,1.0,acme-mining,site-01,maintenance_event,ACME-S01-MAINT-002,maintenance_gateway,2026-09-01T20:18:38.253Z,9,available,False,,0.08,,,False
d530586b-f0be-40ca-8905-ecd18debd16d,1.0,acme-mining,site-01,maintenance_event,ACME-S01-MAINT-003,maintenance_gateway,2026-09-01T20:18:38.253Z,9,available,False,,0.0,,,False
cae866fc-9dd3-4907-94f2-668bc02c15bb,1.0,acme-mining,site-01,maintenance_event,ACME-S01-MAINT-004,maintenance_gateway,2026-09-01T20:18:38.253Z,9,available,False,,0.08,,,False
938237c4-9fd8-47c6-8ea8-c845adc3fe43,1.0,acme-mining,site-01,maintenance_event,ACME-S01-MAINT-005,maintenance_gateway,2026-09-01T20:18:38.253Z,9,available,False,,0.0,,,False
c0f9115e-7852-485c-9414-90bac3a3c1da,1.0,acme-mining,site-01,maintenance_event,ACME-S01-MAINT-006,maintenance_gateway,2026-09-01T20:18:38.253Z,9,available,False,,0.0,,,False
816e6fc3-5449-4c10-9088-9f885bf16240,1.0,acme-mining,site-01,maintenance_event,ACME-S01-MAINT-007,maintenance_gateway,2026-09-01T20:18:38.253Z,9,available,False,,0.0,,,False
9e329886-b184-4e77-b431-9a4f21ecfa5f,1.0,acme-mining,site-01,maintenance_event,ACME-S01-MAINT-008,maintenance_gateway,2026-09-01T20:18:38.253Z,9,available,False,,0.0,,,False
3b3e18fb-02c1-4e0c-9f1c-d166e2cb1b1f,1.0,acme-mining,site-01,maintenance_event,ACME-S01-MAINT-009,maintenance_gateway,2026-09-01T20:18:38.253Z,9,available,False,,0.08,,,False
0cd5b9a8-8941-4e9e-8866-dbf1b76b2217,1.0,acme-mining,site-01,maintenance_event,ACME-S01-MAINT-010,maintenance_gateway,2026-09-01T20:18:38.253Z,9,available,False,,0.0,,,False
b47fb747-5073-4c4f-bb3d-a92663364de2,1.0,acme-mining,site-02,maintenance_event,ACME-S02-MAINT-001,maintenance_gateway,2026-09-01T20:18:38.253Z,9,available,False,,0.0,,,False
7f342af9-e1a2-4556-8389-372a612f24a3,1.0,acme-mining,site-02,maintenance_event,ACME-S02-MAINT-002,maintenance_gateway,2026-09-01T20:18:38.253Z,9,available,False,,0.0,,,False
d6b7bc7e-a3b2-4ca7-ba9e-d66a4cc54b1c,1.0,acme-mining,site-02,maintenance_event,ACME-S02-MAINT-003,maintenance_gateway,2026-09-01T20:18:38.253Z,9,available,False,,0.0,,,False
0d8c09ba-ced5-4dd8-9a3d-be0afc2bc570,1.0,acme-mining,site-02,maintenance_event,ACME-S02-MAINT-004,maintenance_gateway,2026-09-01T20:18:38.253Z,9,available,False,,0.0,,,False
b3acee3a-d61c-4b34-983a-89a8d7665014,1.0,acme-mining,site-02,maintenance_event,ACME-S02-MAINT-005,maintenance_gateway,2026-09-01T20:18:38.253Z,9,available,False,,0.0,,,False
50a4b005-093c-4829-b35e-4322ec28163d,1.0,acme-mining,site-02,maintenance_event,ACME-S02-MAINT-006,maintenance_gateway,2026-09-01T20:18:38.253Z,9,available,False,,0.0,,,False
fb9f00d4-175f-4cab-a8c6-29837fd9cb68,1.0,acme-mining,site-02,maintenance_event,ACME-S02-MAINT-007,maintenance_gateway,2026-09-01T20:18:38.253Z,9,available,False,,0.0,,,False
1ec7cf6e-0cd4-4f15-8983-d5ea9ace56df,1.0,acme-mining,site-02,maintenance_event,ACME-S02-MAINT-008,maintenance_gateway,2026-09-01T20:18:38.253Z,9,available,False,,0.0,,,False
112d7aed-a713-45d7-b763-3e5d21dc2bb6,1.0,acme-mining,site-02,maintenance_event,ACME-S02-MAINT-009,maintenance_gateway,2026-09-01T20:18:38.253Z,9,available,False,,0.0,,,False
857b755e-05dd-4248-8d78-5cf0667788a3,1.0,acme-mining,site-02,maintenance_event,ACME-S02-MAINT-010,maintenance_gateway,2026-09-01T20:18:38.253Z,9,available,False,,0.0,,,False
fdb52bbb-3c31-474d-8a4a-fea83a498b45,1.0,beta-minerals,north-site,maintenance_event,BETA-NORTH-MAINT-001,maintenance_gateway,2026-09-01T20:18:38.253Z,9,available,False,,0.0,,,False
d31354bc-e479-4149-9f3f-b6a3642e2483,1.0,beta-minerals,north-site,maintenance_event,BETA-NORTH-MAINT-002,maintenance_gateway,2026-09-01T20:18:38.253Z,9,unplanned_downtime,True,electrical_fault,0.08,WO-BETA-NORTH-MAINT-002-000009,high,False
86ad5f26-1044-4f7b-8b35-9d11d99c9f6e,1.0,beta-minerals,north-site,maintenance_event,BETA-NORTH-MAINT-003,maintenance_gateway,2026-09-01T20:18:38.253Z,9,available,False,,0.08,,,False
35199c8a-7127-4dde-9583-299b106b1206,1.0,beta-minerals,north-site,maintenance_event,BETA-NORTH-MAINT-004,maintenance_gateway,2026-09-01T20:18:38.253Z,9,available,False,,0.0,,,False
e518696f-7f49-4763-9b86-1d99e452fa46,1.0,beta-minerals,north-site,maintenance_event,BETA-NORTH-MAINT-005,maintenance_gateway,2026-09-01T20:18:38.253Z,9,available,False,,0.17,,,False
82162680-4966-43fb-826a-6e9b435697e6,1.0,beta-minerals,north-site,maintenance_event,BETA-NORTH-MAINT-006,maintenance_gateway,2026-09-01T20:18:38.253Z,9,available,False,,0.0,,,False
73aba70a-4f74-42ef-8e07-79d277218068,1.0,beta-minerals,north-site,maintenance_event,BETA-NORTH-MAINT-007,maintenance_gateway,2026-09-01T20:18:38.253Z,9,available,False,,0.08,,,False
4c3e8b86-a6da-4519-b2cd-5b79c0ca30fe,1.0,beta-minerals,north-site,maintenance_event,BETA-NORTH-MAINT-008,maintenance_gateway,2026-09-01T20:18:38.253Z,9,available,False,,0.0,,,False
788afb67-1aeb-45d5-b2b1-148e70860d20,1.0,beta-minerals,north-site,maintenance_event,BETA-NORTH-MAINT-009,maintenance_gateway,2026-09-01T20:18:38.253Z,9,available,False,,0.08,,,False
8758c29c-1969-4029-96c4-b8d51b4059dc,1.0,beta-minerals,north-site,maintenance_event,BETA-NORTH-MAINT-010,maintenance_gateway,2026-09-01T20:18:38.253Z,9,available,False,,0.0,,,False
191a8040-93dd-4e2b-9c0b-83e6b5d81e4d,1.0,beta-minerals,north-site,maintenance_event,BETA-NORTH-MAINT-011,maintenance_gateway,2026-09-01T20:18:38.253Z,9,available,False,,0.08,,,False
100dbaa0-8432-4589-bf43-d7f733231103,1.0,beta-minerals,north-site,maintenance_event,BETA-NORTH-MAINT-012,maintenance_gateway,2026-09-01T20:18:38.253Z,9,available,False,,0.0,,,False
d50cf57d-700c-4e8f-96fd-5af62f34be46,1.0,beta-minerals,north-site,maintenance_event,BETA-NORTH-MAINT-013,maintenance_gateway,2026-09-01T20:18:38.253Z,9,available,False,,0.0,,,False
6bd1e7b5-e2c2-4505-b2ea-4c9243a8bd0a,1.0,beta-minerals,north-site,maintenance_event,BETA-NORTH-MAINT-014,maintenance_gateway,2026-09-01T20:18:38.253Z,9,available,False,,0.0,,,False
ab8611fb-2c33-412f-a620-94e182ff84e8,1.0,beta-minerals,north-site,maintenance_event,BETA-NORTH-MAINT-015,maintenance_gateway,2026-09-01T20:18:38.253Z,9,available,False,,0.0,,,False
ee759e53-4047-4b5a-899e-0846b0093135,1.0,beta-minerals,north-site,maintenance_event,BETA-NORTH-MAINT-016,maintenance_gateway,2026-09-01T20:18:38.253Z,9,available,False,,0.0,,,False
376f226d-0ffa-4da2-b685-964b54352e76,1.0,beta-minerals,north-site,maintenance_event,BETA-NORTH-MAINT-017,maintenance_gateway,2026-09-01T20:18:38.253Z,9,available,False,,0.08,,,False
f9944900-bf8c-4ad4-96ce-71be9ccffa2d,1.0,beta-minerals,north-site,maintenance_event,BETA-NORTH-MAINT-018,maintenance_gateway,2026-09-01T20:18:38.253Z,9,available,False,,0.08,,,False
b7a216d7-29d8-4804-a428-4d44595d09da,1.0,beta-minerals,north-site,maintenance_event,BETA-NORTH-MAINT-019,maintenance_gateway,2026-09-01T20:18:38.253Z,9,available,False,,0.0,,,False
2d379f14-5159-42bb-b46d-2fa9606f69b3,1.0,beta-minerals,north-site,maintenance_event,BETA-NORTH-MAINT-020,maintenance_gateway,2026-09-01T20:18:38.253Z,9,available,False,,0.0,,,False
6b127416-4821-47ee-833e-b1cf50730ecb,1.0,acme-mining,site-01,maintenance_event,ACME-S01-MAINT-001,maintenance_gateway,2026-09-01T20:18:43.253Z,10,available,False,,0.0,,,False
4cdf7549-0729-489a-b6be-d0f19b27d692,1.0,acme-mining,site-01,maintenance_event,ACME-S01-MAINT-002,maintenance_gateway,2026-09-01T20:18:43.253Z,10,available,False,,0.08,,,False
8c16a1bb-0f92-4b2d-a8d1-fff6f4d9f692,1.0,acme-mining,site-01,maintenance_event,ACME-S01-MAINT-003,maintenance_gateway,2026-09-01T20:18:43.253Z,10,available,False,,0.0,,,False
f6736d1b-4330-45c8-a443-edb7579e9d8a,1.0,acme-mining,site-01,maintenance_event,ACME-S01-MAINT-004,maintenance_gateway,2026-09-01T20:18:43.253Z,10,available,False,,0.08,,,False
e5f8cf22-5864-4130-8def-e9d4beb6fc01,1.0,acme-mining,site-01,maintenance_event,ACME-S01-MAINT-005,maintenance_gateway,2026-09-01T20:18:43.253Z,10,available,False,,0.0,,,False
1b93450f-a18e-490a-8423-2813311a052d,1.0,acme-mining,site-01,maintenance_event,ACME-S01-MAINT-006,maintenance_gateway,2026-09-01T20:18:43.253Z,10,available,False,,0.0,,,False
183526a5-e1f6-4762-8d75-8e7d2fae116d,1.0,acme-mining,site-01,maintenance_event,ACME-S01-MAINT-007,maintenance_gateway,2026-09-01T20:18:43.253Z,10,available,False,,0.0,,,False
336e1d2c-f79f-4a31-9f92-19062809ba1d,1.0,acme-mining,site-01,maintenance_event,ACME-S01-MAINT-008,maintenance_gateway,2026-09-01T20:18:43.253Z,10,available,False,,0.0,,,False
fd5003e6-b086-4f17-a783-1d953835a79b,1.0,acme-mining,site-01,maintenance_event,ACME-S01-MAINT-009,maintenance_gateway,2026-09-01T20:18:43.253Z,10,available,False,,0.08,,,False
d3731fe6-b2aa-4fae-8d0f-3609ce86c6a3,1.0,acme-mining,site-01,maintenance_event,ACME-S01-MAINT-010,maintenance_gateway,2026-09-01T20:18:43.253Z,10,available,False,,0.0,,,False
1c7574d5-5501-4570-8ae0-5546bb47dda6,1.0,acme-mining,site-02,maintenance_event,ACME-S02-MAINT-001,maintenance_gateway,2026-09-01T20:18:43.253Z,10,available,False,,0.0,,,False
c6d4ddc6-37ef-424a-be31-611767fb58e4,1.0,acme-mining,site-02,maintenance_event,ACME-S02-MAINT-002,maintenance_gateway,2026-09-01T20:18:43.253Z,10,available,False,,0.0,,,False
ab79183c-9cce-4aaf-bb7b-d544c287fd0f,1.0,acme-mining,site-02,maintenance_event,ACME-S02-MAINT-003,maintenance_gateway,2026-09-01T20:18:43.253Z,10,available,False,,0.0,,,False
fb627f42-e941-4cb6-839d-4fc7c4dd02ba,1.0,acme-mining,site-02,maintenance_event,ACME-S02-MAINT-004,maintenance_gateway,2026-09-01T20:18:43.253Z,10,available,False,,0.0,,,False
b2532747-b56e-40bc-9ba8-4f2943fd7f4a,1.0,acme-mining,site-02,maintenance_event,ACME-S02-MAINT-005,maintenance_gateway,2026-09-01T20:18:43.253Z,10,available,False,,0.0,,,False
a57fd45c-2100-4398-9c62-debe8c3587b7,1.0,acme-mining,site-02,maintenance_event,ACME-S02-MAINT-006,maintenance_gateway,2026-09-01T20:18:43.253Z,10,available,False,,0.0,,,False
88b5a153-d8b6-40e6-ab45-5272cbe3cfde,1.0,acme-mining,site-02,maintenance_event,ACME-S02-MAINT-007,maintenance_gateway,2026-09-01T20:18:43.253Z,10,available,False,,0.0,,,False
b80a6bdf-3711-4dff-afc1-79e6007a446e,1.0,acme-mining,site-02,maintenance_event,ACME-S02-MAINT-008,maintenance_gateway,2026-09-01T20:18:43.253Z,10,available,False,,0.0,,,False
9e3f1f5e-8bd9-4376-bd6e-017dcea7b62c,1.0,acme-mining,site-02,maintenance_event,ACME-S02-MAINT-009,maintenance_gateway,2026-09-01T20:18:43.253Z,10,available,False,,0.0,,,False
b28796fe-4658-4e60-b100-3e59e73cbff3,1.0,acme-mining,site-02,maintenance_event,ACME-S02-MAINT-010,maintenance_gateway,2026-09-01T20:18:43.253Z,10,available,False,,0.0,,,False
e27148d9-d928-4bac-93a6-451fbc3a7444,1.0,beta-minerals,north-site,maintenance_event,BETA-NORTH-MAINT-001,maintenance_gateway,2026-09-01T20:18:43.253Z,10,available,False,,0.0,,,False
aa21494a-9daf-48ae-8b3d-349e66c8834a,1.0,beta-minerals,north-site,maintenance_event,BETA-NORTH-MAINT-002,maintenance_gateway,2026-09-01T20:18:43.253Z,10,available,False,,0.08,,,False
f6f99fd6-9aae-4eb2-b82e-b50945e63f43,1.0,beta-minerals,north-site,maintenance_event,BETA-NORTH-MAINT-003,maintenance_gateway,2026-09-01T20:18:43.253Z,10,available,False,,0.08,,,False
b2d9ba8f-e9fd-43d4-89f4-e4a009df96b8,1.0,beta-minerals,north-site,maintenance_event,BETA-NORTH-MAINT-004,maintenance_gateway,2026-09-01T20:18:43.253Z,10,unplanned_downtime,True,electrical_fault,0.08,WO-BETA-NORTH-MAINT-004-000010,high,False
77c5f1c3-8d03-4c0a-941f-66a52060ef3f,1.0,beta-minerals,north-site,maintenance_event,BETA-NORTH-MAINT-005,maintenance_gateway,2026-09-01T20:18:43.253Z,10,available,False,,0.17,,,False
191b85ff-9965-4fdc-ba5d-cbd4f4cc8748,1.0,beta-minerals,north-site,maintenance_event,BETA-NORTH-MAINT-006,maintenance_gateway,2026-09-01T20:18:43.253Z,10,available,False,,0.0,,,False
df402157-3c38-4b5e-b2d4-5301f13f4502,1.0,beta-minerals,north-site,maintenance_event,BETA-NORTH-MAINT-007,maintenance_gateway,2026-09-01T20:18:43.253Z,10,available,False,,0.08,,,False
6cd41b05-ec65-4cdf-8457-6a2f6635ec02,1.0,beta-minerals,north-site,maintenance_event,BETA-NORTH-MAINT-008,maintenance_gateway,2026-09-01T20:18:43.253Z,10,available,False,,0.0,,,True
bdc31efa-db3d-4248-bb7e-21d31d9b6a64,1.0,beta-minerals,north-site,maintenance_event,BETA-NORTH-MAINT-009,maintenance_gateway,2026-09-01T20:18:43.253Z,10,available,False,,0.08,,,False
92383eb4-28ff-4ff3-9593-6a67db1f135d,1.0,beta-minerals,north-site,maintenance_event,BETA-NORTH-MAINT-010,maintenance_gateway,2026-09-01T20:18:43.253Z,10,available,False,,0.0,,,True
868a6b65-20c2-4a53-9664-dea1a8abc20a,1.0,beta-minerals,north-site,maintenance_event,BETA-NORTH-MAINT-011,maintenance_gateway,2026-09-01T20:18:43.253Z,10,available,False,,0.08,,,False
ba2e0537-af8d-4861-9896-743f5616681e,1.0,beta-minerals,north-site,maintenance_event,BETA-NORTH-MAINT-012,maintenance_gateway,2026-09-01T20:18:43.253Z,10,available,False,,0.0,,,False
c85f5c9e-43f1-4fe6-880f-b650067d001b,1.0,beta-minerals,north-site,maintenance_event,BETA-NORTH-MAINT-013,maintenance_gateway,2026-09-01T20:18:43.253Z,10,available,False,,0.0,,,False
53d05be5-522d-497b-884e-9c24a20a0319,1.0,beta-minerals,north-site,maintenance_event,BETA-NORTH-MAINT-014,maintenance_gateway,2026-09-01T20:18:43.253Z,10,available,False,,0.0,,,False
6e1bba46-6149-4ad6-a4f7-08fede3ade64,1.0,beta-minerals,north-site,maintenance_event,BETA-NORTH-MAINT-015,maintenance_gateway,2026-09-01T20:18:43.253Z,10,unplanned_downtime,True,mechanical_failure,0.08,WO-BETA-NORTH-MAINT-015-000010,high,False
fa3e85a3-fd53-42f7-a687-07b05d2dd398,1.0,beta-minerals,north-site,maintenance_event,BETA-NORTH-MAINT-016,maintenance_gateway,2026-09-01T20:18:43.253Z,10,available,False,,0.0,,,False
5d27474e-4dd9-4e7c-91fd-dac3ac9928c3,1.0,beta-minerals,north-site,maintenance_event,BETA-NORTH-MAINT-017,maintenance_gateway,2026-09-01T20:18:43.253Z,10,available,False,,0.08,,,False
69ac3299-9f62-4add-a464-e41a65eaa51d,1.0,beta-minerals,north-site,maintenance_event,BETA-NORTH-MAINT-018,maintenance_gateway,2026-09-01T20:18:43.253Z,10,available,False,,0.08,,,False
07b358a8-b17a-460e-aeac-5d23df0b8522,1.0,beta-minerals,north-site,maintenance_event,BETA-NORTH-MAINT-019,maintenance_gateway,2026-09-01T20:18:43.253Z,10,available,False,,0.0,,,False
32d33dd0-049b-4e12-9c3e-021619ac064d,1.0,beta-minerals,north-site,maintenance_event,BETA-NORTH-MAINT-020,maintenance_gateway,2026-09-01T20:18:43.253Z,10,available,False,,0.0,,,False
b4ee629f-2678-4a0b-820b-edf50d7f43f1,1.0,acme-mining,site-01,maintenance_event,ACME-S01-MAINT-001,maintenance_gateway,2026-09-01T20:18:48.253Z,11,available,False,,0.0,,,False
dcc758a6-ce02-4e85-98a2-fcad2b7fdd2d,1.0,acme-mining,site-01,maintenance_event,ACME-S01-MAINT-002,maintenance_gateway,2026-09-01T20:18:48.253Z,11,available,False,,0.08,,,False
86bb5bcd-4c54-4550-a115-ba39adc60b8b,1.0,acme-mining,site-01,maintenance_event,ACME-S01-MAINT-003,maintenance_gateway,2026-09-01T20:18:48.253Z,11,available,False,,0.0,,,False
0d1233d8-7a2f-4fc3-a095-1cca01f7725b,1.0,acme-mining,site-01,maintenance_event,ACME-S01-MAINT-004,maintenance_gateway,2026-09-01T20:18:48.253Z,11,available,False,,0.08,,,False
cb4f0ab8-101f-492f-bd25-e02de740849b,1.0,acme-mining,site-01,maintenance_event,ACME-S01-MAINT-005,maintenance_gateway,2026-09-01T20:18:48.253Z,11,available,False,,0.0,,,False
dc5e1ca3-b35c-4947-a987-9114f617e2be,1.0,acme-mining,site-01,maintenance_event,ACME-S01-MAINT-006,maintenance_gateway,2026-09-01T20:18:48.253Z,11,available,False,,0.0,,,False
661e537b-28b9-4577-bbfe-7e509960ba32,1.0,acme-mining,site-01,maintenance_event,ACME-S01-MAINT-007,maintenance_gateway,2026-09-01T20:18:48.253Z,11,available,False,,0.0,,,False
5b04f5e1-6729-4ac2-9ffc-664af8d8d74c,1.0,acme-mining,site-01,maintenance_event,ACME-S01-MAINT-008,maintenance_gateway,2026-09-01T20:18:48.253Z,11,available,False,,0.0,,,False
bf5181bc-bd8b-4d26-bc8a-9e7d713b1630,1.0,acme-mining,site-01,maintenance_event,ACME-S01-MAINT-009,maintenance_gateway,2026-09-01T20:18:48.253Z,11,available,False,,0.08,,,False
b0ab83be-6149-4817-a9ad-212c985e09ff,1.0,acme-mining,site-01,maintenance_event,ACME-S01-MAINT-010,maintenance_gateway,2026-09-01T20:18:48.253Z,11,available,False,,0.0,,,False
0a7bf6ea-fd77-4ed8-a8b5-fbe257342a00,1.0,acme-mining,site-02,maintenance_event,ACME-S02-MAINT-001,maintenance_gateway,2026-09-01T20:18:48.253Z,11,available,False,,0.0,,,False
a890fa4b-aafd-42c8-8e6c-bf2ed584c38f,1.0,acme-mining,site-02,maintenance_event,ACME-S02-MAINT-002,maintenance_gateway,2026-09-01T20:18:48.253Z,11,available,False,,0.0,,,False
ff9af393-b65d-4b71-a17a-f6f1f2fe132e,1.0,acme-mining,site-02,maintenance_event,ACME-S02-MAINT-003,maintenance_gateway,2026-09-01T20:18:48.253Z,11,available,False,,0.0,,,False
03d1cc22-2854-48dc-9c12-13cc551d3edd,1.0,acme-mining,site-02,maintenance_event,ACME-S02-MAINT-004,maintenance_gateway,2026-09-01T20:18:48.253Z,11,available,False,,0.0,,,False
c2967b9a-50ba-4c20-8b2e-f63c1861b505,1.0,acme-mining,site-02,maintenance_event,ACME-S02-MAINT-005,maintenance_gateway,2026-09-01T20:18:48.253Z,11,available,False,,0.0,,,False
7783315d-fd5d-4042-8945-d0312e8a88c4,1.0,acme-mining,site-02,maintenance_event,ACME-S02-MAINT-006,maintenance_gateway,2026-09-01T20:18:48.253Z,11,available,False,,0.0,,,False
ffe1f3b0-0321-440f-b498-1404d1a1f5ab,1.0,acme-mining,site-02,maintenance_event,ACME-S02-MAINT-007,maintenance_gateway,2026-09-01T20:18:48.253Z,11,available,False,,0.0,,,False
a553ebc2-328d-418c-9a43-1e45a1f209b8,1.0,acme-mining,site-02,maintenance_event,ACME-S02-MAINT-008,maintenance_gateway,2026-09-01T20:18:48.253Z,11,available,False,,0.0,,,False
246c34e3-c4cf-421b-aa45-50cdfab7f8b7,1.0,acme-mining,site-02,maintenance_event,ACME-S02-MAINT-009,maintenance_gateway,2026-09-01T20:18:48.253Z,11,available,False,,0.0,,,False
7c41ac5e-d004-45c2-8bb9-6f5320f716e7,1.0,acme-mining,site-02,maintenance_event,ACME-S02-MAINT-010,maintenance_gateway,2026-09-01T20:18:48.253Z,11,available,False,,0.0,,,False
b6affb61-1fe2-4f9f-8599-dd733f23dc7e,1.0,beta-minerals,north-site,maintenance_event,BETA-NORTH-MAINT-001,maintenance_gateway,2026-09-01T20:18:48.253Z,11,available,False,,0.0,,,False
4e5d2da1-c212-4a0d-84ac-fdf2f14f8ff6,1.0,beta-minerals,north-site,maintenance_event,BETA-NORTH-MAINT-002,maintenance_gateway,2026-09-01T20:18:48.253Z,11,available,False,,0.08,,,False
4fd45873-bbce-4a8c-aed0-883a43981754,1.0,beta-minerals,north-site,maintenance_event,BETA-NORTH-MAINT-003,maintenance_gateway,2026-09-01T20:18:48.253Z,11,available,False,,0.08,,,False
ba8c2366-b0c1-43ff-b568-44994c5cfca5,1.0,beta-minerals,north-site,maintenance_event,BETA-NORTH-MAINT-004,maintenance_gateway,2026-09-01T20:18:48.253Z,11,available,False,,0.08,,,False
a4bf6b85-e08b-4de7-962a-e966362214cb,1.0,beta-minerals,north-site,maintenance_event,BETA-NORTH-MAINT-005,maintenance_gateway,2026-09-01T20:18:48.253Z,11,available,False,,0.17,,,False
6134e628-6989-4d36-b612-e3cd46806165,1.0,beta-minerals,north-site,maintenance_event,BETA-NORTH-MAINT-006,maintenance_gateway,2026-09-01T20:18:48.253Z,11,available,False,,0.0,,,False
200d33dd-f43d-469d-9788-3c6a770f86fc,1.0,beta-minerals,north-site,maintenance_event,BETA-NORTH-MAINT-007,maintenance_gateway,2026-09-01T20:18:48.253Z,11,available,False,,0.08,,,False
5e4d53a4-a4e4-4f8b-8a95-90d181be2377,1.0,beta-minerals,north-site,maintenance_event,BETA-NORTH-MAINT-008,maintenance_gateway,2026-09-01T20:18:48.253Z,11,available,False,,0.0,,,False
f5da1c3f-c3f1-4db3-9fc5-4bf36cc25f32,1.0,beta-minerals,north-site,maintenance_event,BETA-NORTH-MAINT-009,maintenance_gateway,2026-09-01T20:18:48.253Z,11,available,False,,0.08,,,False
2b875ac6-30bd-418f-ba8f-7f40bb368032,1.0,beta-minerals,north-site,maintenance_event,BETA-NORTH-MAINT-010,maintenance_gateway,2026-09-01T20:18:48.253Z,11,available,False,,0.0,,,False
78f3ddfa-238a-4c47-88b8-34bfcb3736eb,1.0,beta-minerals,north-site,maintenance_event,BETA-NORTH-MAINT-011,maintenance_gateway,2026-09-01T20:18:48.253Z,11,unplanned_downtime,True,hydraulic_leak,0.17,WO-BETA-NORTH-MAINT-011-000011,high,False
be2b0728-644c-482a-bb4c-b46b7b6e8e26,1.0,beta-minerals,north-site,maintenance_event,BETA-NORTH-MAINT-012,maintenance_gateway,2026-09-01T20:18:48.253Z,11,available,False,,0.0,,,False
96422952-f2d2-4ac4-8393-22687c364af1,1.0,beta-minerals,north-site,maintenance_event,BETA-NORTH-MAINT-013,maintenance_gateway,2026-09-01T20:18:48.253Z,11,available,False,,0.0,,,False
2f2df765-91e9-4703-b156-e21d345b4a40,1.0,beta-minerals,north-site,maintenance_event,BETA-NORTH-MAINT-014,maintenance_gateway,2026-09-01T20:18:48.253Z,11,available,False,,0.0,,,False
954dafe1-7e6b-49b7-ae22-7f1a66938892,1.0,beta-minerals,north-site,maintenance_event,BETA-NORTH-MAINT-015,maintenance_gateway,2026-09-01T20:18:48.253Z,11,available,False,,0.08,,,False
d0d9f256-8c03-4433-af6e-e6ea83858c5b,1.0,beta-minerals,north-site,maintenance_event,BETA-NORTH-MAINT-016,maintenance_gateway,2026-09-01T20:18:48.253Z,11,available,False,,0.0,,,False
9b795fca-5429-4abd-98ca-751ba02998c1,1.0,beta-minerals,north-site,maintenance_event,BETA-NORTH-MAINT-017,maintenance_gateway,2026-09-01T20:18:48.253Z,11,available,False,,0.08,,,False
141915a9-8d06-472d-8722-94306787a9d2,1.0,beta-minerals,north-site,maintenance_event,BETA-NORTH-MAINT-018,maintenance_gateway,2026-09-01T20:18:48.253Z,11,available,False,,0.08,,,False
c3fa367f-7149-49a1-8c06-9a530eb2e296,1.0,beta-minerals,north-site,maintenance_event,BETA-NORTH-MAINT-019,maintenance_gateway,2026-09-01T20:18:48.253Z,11,available,False,,0.0,,,False
507defa4-ed50-4cef-8c8d-e3665725a9d2,1.0,beta-minerals,north-site,maintenance_event,BETA-NORTH-MAINT-020,maintenance_gateway,2026-09-01T20:18:48.253Z,11,available,False,,0.0,,,False
8ea4d490-b47b-4bee-8c6e-17b8564db558,1.0,acme-mining,site-01,maintenance_event,ACME-S01-MAINT-001,maintenance_gateway,2026-09-01T20:18:53.253Z,12,available,False,,0.0,,,False
48858449-0694-4c63-aa49-64f902997404,1.0,acme-mining,site-01,maintenance_event,ACME-S01-MAINT-002,maintenance_gateway,2026-09-01T20:18:53.253Z,12,available,False,,0.08,,,False
82b380f8-95d9-4bed-8c8c-2fd2993aac77,1.0,acme-mining,site-01,maintenance_event,ACME-S01-MAINT-003,maintenance_gateway,2026-09-01T20:18:53.253Z,12,available,False,,0.0,,,False
7e4e0ca5-59cb-45a2-b3f2-e682d0dffe15,1.0,acme-mining,site-01,maintenance_event,ACME-S01-MAINT-004,maintenance_gateway,2026-09-01T20:18:53.253Z,12,available,False,,0.08,,,False
b811337d-806c-4bb2-8cac-f198005e9c71,1.0,acme-mining,site-01,maintenance_event,ACME-S01-MAINT-005,maintenance_gateway,2026-09-01T20:18:53.253Z,12,available,False,,0.0,,,False
1547b760-814d-45f5-8b6d-3fa5ee68885a,1.0,acme-mining,site-01,maintenance_event,ACME-S01-MAINT-006,maintenance_gateway,2026-09-01T20:18:53.253Z,12,unplanned_downtime,True,mechanical_failure,0.08,WO-ACME-S01-MAINT-006-000012,high,False
2fbc47ce-1b6a-4370-b293-b172d9c2b2fc,1.0,acme-mining,site-01,maintenance_event,ACME-S01-MAINT-007,maintenance_gateway,2026-09-01T20:18:53.253Z,12,available,False,,0.0,,,False
0766b41c-4bb2-418f-ad62-976330827e43,1.0,acme-mining,site-01,maintenance_event,ACME-S01-MAINT-008,maintenance_gateway,2026-09-01T20:18:53.253Z,12,available,False,,0.0,,,False
dc5e362d-22b5-4eaf-8ccb-16523bfe1ff1,1.0,acme-mining,site-01,maintenance_event,ACME-S01-MAINT-009,maintenance_gateway,2026-09-01T20:18:53.253Z,12,available,False,,0.08,,,False
0bb62172-a981-4cdd-a701-e3168e677e38,1.0,acme-mining,site-01,maintenance_event,ACME-S01-MAINT-010,maintenance_gateway,2026-09-01T20:18:53.253Z,12,available,False,,0.0,,,False
a2ded83a-bfb4-4b1f-97ec-b8cd5606b1c5,1.0,acme-mining,site-02,maintenance_event,ACME-S02-MAINT-001,maintenance_gateway,2026-09-01T20:18:53.253Z,12,available,False,,0.0,,,False
fbe6210e-c7b6-4ee4-9741-632a1d334a4e,1.0,acme-mining,site-02,maintenance_event,ACME-S02-MAINT-002,maintenance_gateway,2026-09-01T20:18:53.253Z,12,unplanned_downtime,True,mechanical_failure,0.08,WO-ACME-S02-MAINT-002-000012,high,False
86d1fe6b-6053-4a4c-9602-73263f6dee55,1.0,acme-mining,site-02,maintenance_event,ACME-S02-MAINT-003,maintenance_gateway,2026-09-01T20:18:53.253Z,12,available,False,,0.0,,,False
e4089250-f4ee-4976-998c-4ee3be127fb0,1.0,acme-mining,site-02,maintenance_event,ACME-S02-MAINT-004,maintenance_gateway,2026-09-01T20:18:53.253Z,12,available,False,,0.0,,,False
48e04dd8-8c17-41e8-9cbb-414406c9b57d,1.0,acme-mining,site-02,maintenance_event,ACME-S02-MAINT-005,maintenance_gateway,2026-09-01T20:18:53.253Z,12,available,False,,0.0,,,False
e6ae475e-6e90-470e-990d-9bbad611fa4c,1.0,acme-mining,site-02,maintenance_event,ACME-S02-MAINT-006,maintenance_gateway,2026-09-01T20:18:53.253Z,12,available,False,,0.0,,,False
80d569ba-4ab1-4a74-a90d-eef7e1eb8bb2,1.0,acme-mining,site-02,maintenance_event,ACME-S02-MAINT-007,maintenance_gateway,2026-09-01T20:18:53.253Z,12,available,False,,0.0,,,False
18e1b0aa-0d93-4476-8bac-a232247dc3f5,1.0,acme-mining,site-02,maintenance_event,ACME-S02-MAINT-008,maintenance_gateway,2026-09-01T20:18:53.253Z,12,available,False,,0.0,,,False
0e6216cf-ee0a-499e-8962-d7a0af74d66d,1.0,acme-mining,site-02,maintenance_event,ACME-S02-MAINT-009,maintenance_gateway,2026-09-01T20:18:53.253Z,12,available,False,,0.0,,,False
88db9476-7c0b-4244-827b-fb55c44ac6cd,1.0,acme-mining,site-02,maintenance_event,ACME-S02-MAINT-010,maintenance_gateway,2026-09-01T20:18:53.253Z,12,available,False,,0.0,,,False
cd85de9c-cd23-4f9e-93cb-81fad4154030,1.0,beta-minerals,north-site,maintenance_event,BETA-NORTH-MAINT-001,maintenance_gateway,2026-09-01T20:18:53.253Z,12,available,False,,0.0,,,False
6b70f5d8-11ad-45e9-a142-b941f11cc8a1,1.0,beta-minerals,north-site,maintenance_event,BETA-NORTH-MAINT-002,maintenance_gateway,2026-09-01T20:18:53.253Z,12,available,False,,0.08,,,False
6a265f9a-1327-412f-a2a9-abdd0d0d57ab,1.0,beta-minerals,north-site,maintenance_event,BETA-NORTH-MAINT-003,maintenance_gateway,2026-09-01T20:18:53.253Z,12,available,False,,0.08,,,False
2cc21404-1f76-4a2b-af00-516cc21f8536,1.0,beta-minerals,north-site,maintenance_event,BETA-NORTH-MAINT-004,maintenance_gateway,2026-09-01T20:18:53.253Z,12,available,False,,0.08,,,False
0a1a1dfb-e96f-48b3-afa4-f656dde4f652,1.0,beta-minerals,north-site,maintenance_event,BETA-NORTH-MAINT-005,maintenance_gateway,2026-09-01T20:18:53.253Z,12,available,False,,0.17,,,False
46c9dd19-8ace-4a81-a60a-0e4cf7c9a3c6,1.0,beta-minerals,north-site,maintenance_event,BETA-NORTH-MAINT-006,maintenance_gateway,2026-09-01T20:18:53.253Z,12,available,False,,0.0,,,False
e3d22e25-16f7-4892-9822-6e767eaa3083,1.0,beta-minerals,north-site,maintenance_event,BETA-NORTH-MAINT-007,maintenance_gateway,2026-09-01T20:18:53.253Z,12,available,False,,0.08,,,False
48f707b2-62c4-4adb-94af-8e64c432736d,1.0,beta-minerals,north-site,maintenance_event,BETA-NORTH-MAINT-008,maintenance_gateway,2026-09-01T20:18:53.253Z,12,available,False,,0.0,,,False
7fae8dfa-bb06-4e00-b274-a078b0531402,1.0,beta-minerals,north-site,maintenance_event,BETA-NORTH-MAINT-009,maintenance_gateway,2026-09-01T20:18:53.253Z,12,available,False,,0.08,,,False
f36d2de0-7bf6-4b39-8375-cf9157b00f26,1.0,beta-minerals,north-site,maintenance_event,BETA-NORTH-MAINT-010,maintenance_gateway,2026-09-01T20:18:53.253Z,12,available,False,,0.0,,,False
7389fdc8-77d5-43c7-962a-67ba590a4072,1.0,beta-minerals,north-site,maintenance_event,BETA-NORTH-MAINT-011,maintenance_gateway,2026-09-01T20:18:53.253Z,12,available,False,,0.17,,,False
7493ec6e-45f7-4413-8347-51e434ad6698,1.0,beta-minerals,north-site,maintenance_event,BETA-NORTH-MAINT-012,maintenance_gateway,2026-09-01T20:18:53.253Z,12,available,False,,0.0,,,False
d5896677-3e07-42ec-a71a-3c0fb9bb9783,1.0,beta-minerals,north-site,maintenance_event,BETA-NORTH-MAINT-013,maintenance_gateway,2026-09-01T20:18:53.253Z,12,available,False,,0.0,,,False
ebb7bdb6-665a-4ff4-aa11-491ff0c5d983,1.0,beta-minerals,north-site,maintenance_event,BETA-NORTH-MAINT-014,maintenance_gateway,2026-09-01T20:18:53.253Z,12,available,False,,0.0,,,False
77944767-8e32-4c45-a446-93273f3f5def,1.0,beta-minerals,north-site,maintenance_event,BETA-NORTH-MAINT-015,maintenance_gateway,2026-09-01T20:18:53.253Z,12,available,False,,0.08,,,False
8d4307c6-bc0a-4c2f-a45c-e820a52e05c2,1.0,beta-minerals,north-site,maintenance_event,BETA-NORTH-MAINT-016,maintenance_gateway,2026-09-01T20:18:53.253Z,12,unplanned_downtime,True,mechanical_failure,0.08,WO-BETA-NORTH-MAINT-016-000012,high,False
2e256bba-c49b-4199-a8e6-1f5fd58e1fb1,1.0,beta-minerals,north-site,maintenance_event,BETA-NORTH-MAINT-017,maintenance_gateway,2026-09-01T20:18:53.253Z,12,available,False,,0.08,,,False
ea9fabca-0f33-4e54-b473-a02f11b19eb4,1.0,beta-minerals,north-site,maintenance_event,BETA-NORTH-MAINT-018,maintenance_gateway,2026-09-01T20:18:53.253Z,12,available,False,,0.08,,,True
63883936-ec74-418b-b3bf-b7008f7c0afe,1.0,beta-minerals,north-site,maintenance_event,BETA-NORTH-MAINT-019,maintenance_gateway,2026-09-01T20:18:53.253Z,12,available,False,,0.0,,,False
ed93677b-4566-4e09-99a0-f7f6bd275130,1.0,beta-minerals,north-site,maintenance_event,BETA-NORTH-MAINT-020,maintenance_gateway,2026-09-01T20:18:53.253Z,12,available,False,,0.0,,,False
