message_id,schema_version,tenant_id,site_id,message_type,asset_id,asset_type,timestamp,sequence_no,safety.event_type,safety.severity,safety.alert_flag,safety.geofence_violation,safety.speeding_flag,safety.harsh_braking_flag,safety.fatigue_risk_flag
7d9e37e6-e479-4370-90d9-5cd069426e2e,1.0,acme-mining,site-01,safety_event,ACME-S01-SAFETY-001,safety_gateway,2026-09-01T16:14:12.813Z,1,none,none,False,False,False,False,False
76b09e90-dc80-46ec-ae7a-7933adcf67f7,1.0,acme-mining,site-01,safety_event,ACME-S01-SAFETY-002,safety_gateway,2026-09-01T16:14:12.813Z,1,none,none,False,False,False,False,False
90e7d68f-e5cb-41fb-a0a1-594ad266177e,1.0,acme-mining,site-01,safety_event,ACME-S01-SAFETY-003,safety_gateway,2026-09-01T16:14:12.813Z,1,none,none,False,False,False,False,False
e293f69a-7fa6-43f1-a6d7-9cd5596ce91d,1.0,acme-mining,site-01,safety_event,ACME-S01-SAFETY-004,safety_gateway,2026-09-01T16:14:12.813Z,1,none,none,False,False,False,False,False
17ef8622-19be-4d1e-ae4b-d3f0b06b4ac3,1.0,acme-mining,site-01,safety_event,ACME-S01-SAFETY-005,safety_gateway,2026-09-01T16:14:12.813Z,1,geofence_violation,medium,True,True,False,False,False
ad0ba7b0-eaf0-4f3c-9d52-b4b67e196cbe,1.0,acme-mining,site-02,safety_event,ACME-S02-SAFETY-001,safety_gateway,2026-09-01T16:14:12.813Z,1,none,none,False,False,False,False,False
7bb5cc10-3556-456e-9289-c181868d75ff,1.0,acme-mining,site-02,safety_event,ACME-S02-SAFETY-002,safety_gateway,2026-09-01T16:14:12.813Z,1,none,none,False,False,False,False,False
3ee3518f-74dd-49aa-ab5b-aceaf621876f,1.0,acme-mining,site-02,safety_event,ACME-S02-SAFETY-003,safety_gateway,2026-09-01T16:14:12.813Z,1,none,none,False,False,False,False,False
d48288b1-a82b-43ae-9e3d-f009d9c485d6,1.0,acme-mining,site-02,safety_event,ACME-S02-SAFETY-004,safety_gateway,2026-09-01T16:14:12.813Z,1,none,none,False,False,False,False,False
70193545-aff8-4e5b-9168-35456e4e0965,1.0,acme-mining,site-02,safety_event,ACME-S02-SAFETY-005,safety_gateway,2026-09-01T16:14:12.813Z,1,none,none,False,False,False,False,False
050099e0-b6a3-4521-bb55-d17d2f5a0d23,1.0,beta-minerals,north-site,safety_event,BETA-NORTH-SAFETY-001,safety_gateway,2026-09-01T16:14:12.813Z,1,overspeed,high,True,False,True,False,False
51d4be9f-b267-4791-9052-d4d349b603ae,1.0,beta-minerals,north-site,safety_event,BETA-NORTH-SAFETY-002,safety_gateway,2026-09-01T16:14:12.813Z,1,none,none,False,False,False,False,False
539bfa3a-1f9b-4bde-8730-b6693b3476e5,1.0,beta-minerals,north-site,safety_event,BETA-NORTH-SAFETY-003,safety_gateway,2026-09-01T16:14:12.813Z,1,none,none,False,False,False,False,False
29333b72-8773-4076-aec4-7e51c1fdd69a,1.0,beta-minerals,north-site,safety_event,BETA-NORTH-SAFETY-004,safety_gateway,2026-09-01T16:14:12.813Z,1,none,none,False,False,False,False,False
d0cf26e1-8b42-4036-8325-7ca7a6213958,1.0,beta-minerals,north-site,safety_event,BETA-NORTH-SAFETY-005,safety_gateway,2026-09-01T16:14:12.813Z,1,none,none,False,False,False,False,False
6936d6bf-e18f-4c2e-a327-6661adf1e2fa,1.0,beta-minerals,north-site,safety_event,BETA-NORTH-SAFETY-006,safety_gateway,2026-09-01T16:14:12.813Z,1,none,none,False,False,False,False,False
590845a7-3a24-4ee4-9acc-b331a067073b,1.0,beta-minerals,north-site,safety_event,BETA-NORTH-SAFETY-007,safety_gateway,2026-09-01T16:14:12.813Z,1,none,none,False,False,False,False,False
1d582330-5e57-4cb6-9acc-82a9a6cd27af,1.0,beta-minerals,north-site,safety_event,BETA-NORTH-SAFETY-008,safety_gateway,2026-09-01T16:14:12.813Z,1,none,none,False,False,False,False,False
803b6a9e-3103-4edf-b684-aff4780c475a,1.0,beta-minerals,north-site,safety_event,BETA-NORTH-SAFETY-009,safety_gateway,2026-09-01T16:14:12.813Z,1,none,none,False,False,False,False,False
499732d9-cef6-40c7-88ec-a6e2605ea230,1.0,beta-minerals,north-site,safety_event,BETA-NORTH-SAFETY-010,safety_gateway,2026-09-01T16:14:12.813Z,1,none,none,False,False,False,False,False
909fdee6-d45c-4774-a24b-b8fd5daa522e,1.0,beta-minerals,north-site,safety_event,BETA-NORTH-SAFETY-011,safety_gateway,2026-09-01T16:14:12.813Z,1,none,none,False,False,False,False,False
0e6c2f03-662c-4c58-b5c0-cd6dc3524e37,1.0,beta-minerals,north-site,safety_event,BETA-NORTH-SAFETY-012,safety_gateway,2026-09-01T16:14:12.813Z,1,none,none,False,False,False,False,False
e9c199eb-6ee0-4f8d-b3ad-cb57e2241fa2,1.0,beta-minerals,north-site,safety_event,BETA-NORTH-SAFETY-013,safety_gateway,2026-09-01T16:14:12.813Z,1,none,none,False,False,False,False,False
9bb6389e-147c-44b4-bf83-62df4869c4ad,1.0,beta-minerals,north-site,safety_event,BETA-NORTH-SAFETY-014,safety_gateway,2026-09-01T16:14:12.813Z,1,none,none,False,False,False,False,False
4bfd65c4-86dc-4add-b4db-9a182e87799d,1.0,beta-minerals,north-site,safety_event,BETA-NORTH-SAFETY-015,safety_gateway,2026-09-01T16:14:12.813Z,1,none,none,False,False,False,False,False
d3347d7c-7826-475d-98dd-b40a4380fbce,1.0,beta-minerals,north-site,safety_event,BETA-NORTH-SAFETY-016,safety_gateway,2026-09-01T16:14:12.813Z,1,none,none,False,False,False,False,False
7f0bdf43-ffbd-4c1a-959a-dabed19577f7,1.0,beta-minerals,north-site,safety_event,BETA-NORTH-SAFETY-017,safety_gateway,2026-09-01T16:14:12.813Z,1,none,none,False,False,False,False,False
7e6c0a40-6656-4cff-a154-ed1f14a18579,1.0,beta-minerals,north-site,safety_event,BETA-NORTH-SAFETY-018,safety_gateway,2026-09-01T16:14:12.813Z,1,none,none,False,False,False,False,False
c6cf3abe-cad9-45b1-8c1f-a09eff78130e,1.0,beta-minerals,north-site,safety_event,BETA-NORTH-SAFETY-019,safety_gateway,2026-09-01T16:14:12.813Z,1,none,none,False,False,False,False,False
7b960862-c17b-4e0f-b033-0d87826ffbb1,1.0,beta-minerals,north-site,safety_event,BETA-NORTH-SAFETY-020,safety_gateway,2026-09-01T16:14:12.813Z,1,none,none,False,False,False,False,False
0cf6fdc1-07e4-43dc-8a42-fa216f0c15c8,1.0,acme-mining,site-01,safety_event,ACME-S01-SAFETY-001,safety_gateway,2026-09-01T16:14:17.813Z,2,none,none,False,False,False,False,False
d7b02a45-9563-437f-aec3-4a252be02640,1.0,acme-mining,site-01,safety_event,ACME-S01-SAFETY-002,safety_gateway,2026-09-01T16:14:17.813Z,2,none,none,False,False,False,False,False
2eb3d8f1-ef61-47c5-a1f4-9de2b31de9ad,1.0,acme-mining,site-01,safety_event,ACME-S01-SAFETY-003,safety_gateway,2026-09-01T16:14:17.813Z,2,none,none,False,False,False,False,False
e455b50c-f5b2-4951-8f14-87a4834135a8,1.0,acme-mining,site-01,safety_event,ACME-S01-SAFETY-004,safety_gateway,2026-09-01T16:14:17.813Z,2,none,none,False,False,False,False,False
f8a6a996-514d-4484-b6b5-26860da94d97,1.0,acme-mining,site-01,safety_event,ACME-S01-SAFETY-005,safety_gateway,2026-09-01T16:14:17.813Z,2,none,none,False,False,False,False,False
874a54d3-4267-4dd8-9613-290e4016d166,1.0,acme-mining,site-02,safety_event,ACME-S02-SAFETY-001,safety_gateway,2026-09-01T16:14:17.813Z,2,none,none,False,False,False,False,False
96ca6b82-8d82-4078-b6dc-e7f1eae85188,1.0,acme-mining,site-02,safety_event,ACME-S02-SAFETY-002,safety_gateway,2026-09-01T16:14:17.813Z,2,none,none,False,False,False,False,False
6b7d040b-96a5-499b-884d-2c1e46bda0e2,1.0,acme-mining,site-02,safety_event,ACME-S02-SAFETY-003,safety_gateway,2026-09-01T16:14:17.813Z,2,none,none,False,False,False,False,False
76debe4f-3c92-4785-85e7-74ee3082f8c1,1.0,acme-mining,site-02,safety_event,ACME-S02-SAFETY-004,safety_gateway,2026-09-01T16:14:17.813Z,2,none,none,False,False,False,False,False
59e5035e-ee9c-4c44-91ec-16786ab64255,1.0,acme-mining,site-02,safety_event,ACME-S02-SAFETY-005,safety_gateway,2026-09-01T16:14:17.813Z,2,none,none,False,False,False,False,False
6c0e28d4-5759-4f3e-b38b-1df8ed0b7dc4,1.0,beta-minerals,north-site,safety_event,BETA-NORTH-SAFETY-001,safety_gateway,2026-09-01T16:14:17.813Z,2,none,none,False,False,False,False,False
ab0a6a82-5f81-4a09-bbaf-f9e012471193,1.0,beta-minerals,north-site,safety_event,BETA-NORTH-SAFETY-002,safety_gateway,2026-09-01T16:14:17.813Z,2,none,none,False,False,False,False,False
0ddd8710-d36c-430f-ace4-0b4d9e6d2942,1.0,beta-minerals,north-site,safety_event,BETA-NORTH-SAFETY-003,safety_gateway,2026-09-01T16:14:17.813Z,2,overspeed,critical,True,False,True,False,False
4a846b76-9bc8-47fa-b216-0ced14037b2c,1.0,beta-minerals,north-site,safety_event,BETA-NORTH-SAFETY-004,safety_gateway,2026-09-01T16:14:17.813Z,2,none,none,False,False,False,False,False
8477b81d-d8be-4fc7-9491-bd1f5aea3680,1.0,beta-minerals,north-site,safety_event,BETA-NORTH-SAFETY-005,safety_gateway,2026-09-01T16:14:17.813Z,2,none,none,False,False,False,False,False
d57e39d1-c698-4530-a897-6fdd845fb9fa,1.0,beta-minerals,north-site,safety_event,BETA-NORTH-SAFETY-006,safety_gateway,2026-09-01T16:14:17.813Z,2,none,none,False,False,False,False,False
b7e0217c-3910-4ffc-a958-6d31d017db38,1.0,beta-minerals,north-site,safety_event,BETA-NORTH-SAFETY-007,safety_gateway,2026-09-01T16:14:17.813Z,2,none,none,False,False,False,False,False
d291238c-2a88-4428-9643-7fe5ee506a6a,1.0,beta-minerals,north-site,safety_event,BETA-NORTH-SAFETY-008,safety_gateway,2026-09-01T16:14:17.813Z,2,none,none,False,False,False,False,False
eb7ed3bc-3ac8-4631-8a9a-93d2d00165b9,1.0,beta-minerals,north-site,safety_event,BETA-NORTH-SAFETY-009,safety_gateway,2026-09-01T16:14:17.813Z,2,none,none,False,False,False,False,False
82d552d3-e293-4775-a855-9f44d7a437cb,1.0,beta-minerals,north-site,safety_event,BETA-NORTH-SAFETY-010,safety_gateway,2026-09-01T16:14:17.813Z,2,geofence_violation,high,True,True,False,False,False
42ce69eb-1ed1-45a3-9251-2cd4286624b8,1.0,beta-minerals,north-site,safety_event,BETA-NORTH-SAFETY-011,safety_gateway,2026-09-01T16:14:17.813Z,2,none,none,False,False,False,False,False
d7fffa2c-38ad-4c4c-a933-25c241114a95,1.0,beta-minerals,north-site,safety_event,BETA-NORTH-SAFETY-012,safety_gateway,2026-09-01T16:14:17.813Z,2,none,none,False,False,False,False,False
ee8b5de9-dd53-4a1a-8bba-bb29851f038c,1.0,beta-minerals,north-site,safety_event,BETA-NORTH-SAFETY-013,safety_gateway,2026-09-01T16:14:17.813Z,2,none,none,False,False,False,False,False
765c049c-62d5-489b-917d-e96e860d195c,1.0,beta-minerals,north-site,safety_event,BETA-NORTH-SAFETY-014,safety_gateway,2026-09-01T16:14:17.813Z,2,none,none,False,False,False,False,False
99f91e95-441e-410e-b80d-a3c32e407e5a,1.0,beta-minerals,north-site,safety_event,BETA-NORTH-SAFETY-015,safety_gateway,2026-09-01T16:14:17.813Z,2,none,none,False,False,False,False,False
a4e8794e-2fb9-48dd-9398-a1f4cc9f25f4,1.0,beta-minerals,north-site,safety_event,BETA-NORTH-SAFETY-016,safety_gateway,2026-09-01T16:14:17.813Z,2,none,none,False,False,False,False,False
55a3e28f-ebfc-4288-a145-9b6920ac8229,1.0,beta-minerals,north-site,safety_event,BETA-NORTH-SAFETY-017,safety_gateway,2026-09-01T16:14:17.813Z,2,none,none,False,False,False,False,False
9733156a-1056-42f9-b9a0-e64a4195c30e,1.0,beta-minerals,north-site,safety_event,BETA-NORTH-SAFETY-018,safety_gateway,2026-09-01T16:14:17.813Z,2,none,none,False,False,False,False,False
4c4da1f7-d106-4ecf-8d15-d1a8a640c202,1.0,beta-minerals,north-site,safety_event,BETA-NORTH-SAFETY-019,safety_gateway,2026-09-01T16:14:17.813Z,2,none,none,False,False,False,False,False
34be426d-2251-480e-bb28-a3bbab067e80,1.0,beta-minerals,north-site,safety_event,BETA-NORTH-SAFETY-020,safety_gateway,2026-09-01T16:14:17.813Z,2,none,none,False,False,False,False,False
0578198e-b1d8-4b34-ac11-f4b4b1adc89c,1.0,acme-mining,site-01,safety_event,ACME-S01-SAFETY-001,safety_gateway,2026-09-01T16:14:22.813Z,3,none,none,False,False,False,False,False
467297bf-ceb6-4dfd-a65b-c3669d965d46,1.0,acme-mining,site-01,safety_event,ACME-S01-SAFETY-002,safety_gateway,2026-09-01T16:14:22.813Z,3,none,none,False,False,False,False,False
049450f1-5ff1-44a8-a6c1-335d31b9be3e,1.0,acme-mining,site-01,safety_event,ACME-S01-SAFETY-003,safety_gateway,2026-09-01T16:14:22.813Z,3,none,none,False,False,False,False,False
56e60629-4ca8-49ca-a8cd-70775f9fff32,1.0,acme-mining,site-01,safety_event,ACME-S01-SAFETY-004,safety_gateway,2026-09-01T16:14:22.813Z,3,harsh_braking,high,True,False,False,True,False
383c366c-5c57-487b-a17b-56c5fba7b377,1.0,acme-mining,site-01,safety_event,ACME-S01-SAFETY-005,safety_gateway,2026-09-01T16:14:22.813Z,3,none,none,False,False,False,False,False
2a5a0abf-2318-4d6d-bdfc-e9aa7eaf8f3a,1.0,acme-mining,site-02,safety_event,ACME-S02-SAFETY-001,safety_gateway,2026-09-01T16:14:22.813Z,3,none,none,False,False,False,False,False
e3450933-e689-4f44-ab21-63e591b65e93,1.0,acme-mining,site-02,safety_event,ACME-S02-SAFETY-002,safety_gateway,2026-09-01T16:14:22.813Z,3,none,none,False,False,False,False,False
77d3ba6c-71ee-4386-b439-c908b7012967,1.0,acme-mining,site-02,safety_event,ACME-S02-SAFETY-003,safety_gateway,2026-09-01T16:14:22.813Z,3,none,none,False,False,False,False,False
b6c34ba6-cd59-4787-a305-d143e97c8224,1.0,acme-mining,site-02,safety_event,ACME-S02-SAFETY-004,safety_gateway,2026-09-01T16:14:22.813Z,3,none,none,False,False,False,False,False
61e6c4e1-3906-4ec0-af17-25c1b55330db,1.0,acme-mining,site-02,safety_event,ACME-S02-SAFETY-005,safety_gateway,2026-09-01T16:14:22.813Z,3,none,none,False,False,False,False,False
a9741a17-3430-40fc-8491-11f114aa8f26,1.0,beta-minerals,north-site,safety_event,BETA-NORTH-SAFETY-001,safety_gateway,2026-09-01T16:14:22.813Z,3,none,none,False,False,False,False,False
82abc6df-0b66-4296-990a-22815fae5213,1.0,beta-minerals,north-site,safety_event,BETA-NORTH-SAFETY-002,safety_gateway,2026-09-01T16:14:22.813Z,3,none,none,False,False,False,False,False
bfecb735-1f58-4284-8215-5a9862a390f3,1.0,beta-minerals,north-site,safety_event,BETA-NORTH-SAFETY-003,safety_gateway,2026-09-01T16:14:22.813Z,3,none,none,False,False,False,False,False
9ce37dd7-59e0-4b32-ab83-c7209a60908e,1.0,beta-minerals,north-site,safety_event,BETA-NORTH-SAFETY-004,safety_gateway,2026-09-01T16:14:22.813Z,3,none,none,False,False,False,False,False
b62ab8b6-5694-442a-91f7-609fbc64b486,1.0,beta-minerals,north-site,safety_event,BETA-NORTH-SAFETY-005,safety_gateway,2026-09-01T16:14:22.813Z,3,none,none,False,False,False,False,False
3903ac7f-0af9-4dda-94d2-308379e80944,1.0,beta-minerals,north-site,safety_event,BETA-NORTH-SAFETY-006,safety_gateway,2026-09-01T16:14:22.813Z,3,none,none,False,False,False,False,False
69918de4-8447-4d53-a88c-46f91ce23fa5,1.0,beta-minerals,north-site,safety_event,BETA-NORTH-SAFETY-007,safety_gateway,2026-09-01T16:14:22.813Z,3,none,none,False,False,False,False,False
eb7a9ff3-9698-461b-b408-998f9ed24cdf,1.0,beta-minerals,north-site,safety_event,BETA-NORTH-SAFETY-008,safety_gateway,2026-09-01T16:14:22.813Z,3,none,none,False,False,False,False,False
d50b1e66-585f-405e-a405-d06343101e6e,1.0,beta-minerals,north-site,safety_event,BETA-NORTH-SAFETY-009,safety_gateway,2026-09-01T16:14:22.813Z,3,none,none,False,False,False,False,False
5501159d-6ae5-4eab-8c84-4b7dffcf3982,1.0,beta-minerals,north-site,safety_event,BETA-NORTH-SAFETY-010,safety_gateway,2026-09-01T16:14:22.813Z,3,none,none,False,False,False,False,False
1f372fe5-e311-4c75-b451-a7f261c39156,1.0,beta-minerals,north-site,safety_event,BETA-NORTH-SAFETY-011,safety_gateway,2026-09-01T16:14:22.813Z,3,none,none,False,False,False,False,False
3d2dea8c-053b-43bc-9608-31c816016918,1.0,beta-minerals,north-site,safety_event,BETA-NORTH-SAFETY-012,safety_gateway,2026-09-01T16:14:22.813Z,3,none,none,False,False,False,False,False
fedb292c-2f79-4787-9585-5008e8a52fc7,1.0,beta-minerals,north-site,safety_event,BETA-NORTH-SAFETY-013,safety_gateway,2026-09-01T16:14:22.813Z,3,none,none,False,False,False,False,False
3a60604d-bd45-446f-b65e-7c32cefa804b,1.0,beta-minerals,north-site,safety_event,BETA-NORTH-SAFETY-014,safety_gateway,2026-09-01T16:14:22.813Z,3,none,none,False,False,False,False,False
cf10ae98-5432-488b-9b4b-929a05966214,1.0,beta-minerals,north-site,safety_event,BETA-NORTH-SAFETY-015,safety_gateway,2026-09-01T16:14:22.813Z,3,none,none,False,False,False,False,False
f0338d8d-78b8-4344-ae90-c054578e26d6,1.0,beta-minerals,north-site,safety_event,BETA-NORTH-SAFETY-016,safety_gateway,2026-09-01T16:14:22.813Z,3,none,none,False,False,False,False,False
90a217ec-2a2a-4b49-a978-35ea3843d0bd,1.0,beta-minerals,north-site,safety_event,BETA-NORTH-SAFETY-017,safety_gateway,2026-09-01T16:14:22.813Z,3,none,none,False,False,False,False,False
699fe917-ae53-44cf-a00f-908f7212157b,1.0,beta-minerals,north-site,safety_event,BETA-NORTH-SAFETY-018,safety_gateway,2026-09-01T16:14:22.813Z,3,none,none,False,False,False,False,False
af6afabe-59d2-439f-9445-7f25d9d83ea8,1.0,beta-minerals,north-site,safety_event,BETA-NORTH-SAFETY-019,safety_gateway,2026-09-01T16:14:22.813Z,3,none,none,False,False,False,False,False
ad546022-1966-446d-b74f-44df24968233,1.0,beta-minerals,north-site,safety_event,BETA-NORTH-SAFETY-020,safety_gateway,2026-09-01T16:14:22.813Z,3,none,none,False,False,False,False,False
0363bd99-be0d-412e-9e62-6c7f7c198bc3,1.0,acme-mining,site-01,safety_event,ACME-S01-SAFETY-001,safety_gateway,2026-09-01T16:14:27.813Z,4,none,none,False,False,False,False,False
29e65942-5eb6-4227-beb1-89b6ac30a8fa,1.0,acme-mining,site-01,safety_event,ACME-S01-SAFETY-002,safety_gateway,2026-09-01T16:14:27.813Z,4,none,none,False,False,False,False,False
b21e198c-9640-4a2e-9594-1c86dc419d89,1.0,acme-mining,site-01,safety_event,ACME-S01-SAFETY-003,safety_gateway,2026-09-01T16:14:27.813Z,4,none,none,False,False,False,False,False
65d3772c-1424-42f3-98a2-5ce6e8831582,1.0,acme-mining,site-01,safety_event,ACME-S01-SAFETY-004,safety_gateway,2026-09-01T16:14:27.813Z,4,fatigue_risk,medium,True,False,False,False,True
4c9cf4ee-421b-498b-b0cb-90fc51a5a53f,1.0,acme-mining,site-01,safety_event,ACME-S01-SAFETY-005,safety_gateway,2026-09-01T16:14:27.813Z,4,none,none,False,False,False,False,False
dafb7911-f1fc-40a5-a9cb-2be4ff7196b6,1.0,acme-mining,site-02,safety_event,ACME-S02-SAFETY-001,safety_gateway,2026-09-01T16:14:27.813Z,4,none,none,False,False,False,False,False
10fd84d5-4168-458c-8165-d3bb2f004434,1.0,acme-mining,site-02,safety_event,ACME-S02-SAFETY-002,safety_gateway,2026-09-01T16:14:27.813Z,4,none,none,False,False,False,False,False
29b5d126-d5b8-4df0-907d-d90080d50a9c,1.0,acme-mining,site-02,safety_event,ACME-S02-SAFETY-003,safety_gateway,2026-09-01T16:14:27.813Z,4,none,none,False,False,False,False,False
bf3133b7-3912-4872-a3ab-5f25767d4af5,1.0,acme-mining,site-02,safety_event,ACME-S02-SAFETY-004,safety_gateway,2026-09-01T16:14:27.813Z,4,none,none,False,False,False,False,False
76d668a5-ba68-4732-83d8-cb6e7ad9d52e,1.0,acme-mining,site-02,safety_event,ACME-S02-SAFETY-005,safety_gateway,2026-09-01T16:14:27.813Z,4,none,none,False,False,False,False,False
76c271a4-7d1f-49f5-9f62-bc446c59193b,1.0,beta-minerals,north-site,safety_event,BETA-NORTH-SAFETY-001,safety_gateway,2026-09-01T16:14:27.813Z,4,fatigue_risk,medium,True,False,False,False,True
67d00089-2237-4512-bd93-c7f6376337e1,1.0,beta-minerals,north-site,safety_event,BETA-NORTH-SAFETY-002,safety_gateway,2026-09-01T16:14:27.813Z,4,harsh_braking,medium,True,False,False,True,False
a0956525-c219-4d47-a4cf-22b32d25c0b0,1.0,beta-minerals,north-site,safety_event,BETA-NORTH-SAFETY-003,safety_gateway,2026-09-01T16:14:27.813Z,4,none,none,False,False,False,False,False
6a0f9ccd-e01d-4be9-9a1b-264551432e21,1.0,beta-minerals,north-site,safety_event,BETA-NORTH-SAFETY-004,safety_gateway,2026-09-01T16:14:27.813Z,4,none,none,False,False,False,False,False
f44f4776-05b9-4036-8666-916d1b65b4b7,1.0,beta-minerals,north-site,safety_event,BETA-NORTH-SAFETY-005,safety_gateway,2026-09-01T16:14:27.813Z,4,none,none,False,False,False,False,False
d509a5df-3273-4852-a189-6cbb7208b2d0,1.0,beta-minerals,north-site,safety_event,BETA-NORTH-SAFETY-006,safety_gateway,2026-09-01T16:14:27.813Z,4,none,none,False,False,False,False,False
938b543d-9fef-44af-96ad-8cd5e24ad21d,1.0,beta-minerals,north-site,safety_event,BETA-NORTH-SAFETY-007,safety_gateway,2026-09-01T16:14:27.813Z,4,none,none,False,False,False,False,False
44b028e0-49eb-4724-be4f-903620b0fd65,1.0,beta-minerals,north-site,safety_event,BETA-NORTH-SAFETY-008,safety_gateway,2026-09-01T16:14:27.813Z,4,none,none,False,False,False,False,False
ca52a2b3-a225-44fb-8493-7fa2dc9efca0,1.0,beta-minerals,north-site,safety_event,BETA-NORTH-SAFETY-009,safety_gateway,2026-09-01T16:14:27.813Z,4,none,none,False,False,False,False,False
8d6d1755-ee98-49b4-b418-0771e7565e5f,1.0,beta-minerals,north-site,safety_event,BETA-NORTH-SAFETY-010,safety_gateway,2026-09-01T16:14:27.813Z,4,none,none,False,False,False,False,False
ee9257fa-304c-4051-88fb-d3059449b17a,1.0,beta-minerals,north-site,safety_event,BETA-NORTH-SAFETY-011,safety_gateway,2026-09-01T16:14:27.813Z,4,none,none,False,False,False,False,False
381ee769-b65b-494a-92e1-0d90a970ffdf,1.0,beta-minerals,north-site,safety_event,BETA-NORTH-SAFETY-012,safety_gateway,2026-09-01T16:14:27.813Z,4,none,none,False,False,False,False,False
61832855-d73a-445d-ae6a-b3fd66a3c9f3,1.0,beta-minerals,north-site,safety_event,BETA-NORTH-SAFETY-013,safety_gateway,2026-09-01T16:14:27.813Z,4,none,none,False,False,False,False,False
7e71fa78-bce7-4880-af88-3fb0c6232c9a,1.0,beta-minerals,north-site,safety_event,BETA-NORTH-SAFETY-014,safety_gateway,2026-09-01T16:14:27.813Z,4,none,none,False,False,False,False,False
ab91a94b-30f0-490f-aa3b-284ce930cf8f,1.0,beta-minerals,north-site,safety_event,BETA-NORTH-SAFETY-015,safety_gateway,2026-09-01T16:14:27.813Z,4,none,none,False,False,False,False,False
03586fe4-e7b9-4a41-9019-6f1bcef9da6c,1.0,beta-minerals,north-site,safety_event,BETA-NORTH-SAFETY-016,safety_gateway,2026-09-01T16:14:27.813Z,4,none,none,False,False,False,False,False
9c8230f1-8493-4627-9139-2cbff33ad171,1.0,beta-minerals,north-site,safety_event,BETA-NORTH-SAFETY-017,safety_gateway,2026-09-01T16:14:27.813Z,4,none,none,False,False,False,False,False
867d18cc-4cc3-4c89-a99d-a335a7816bfe,1.0,beta-minerals,north-site,safety_event,BETA-NORTH-SAFETY-018,safety_gateway,2026-09-01T16:14:27.813Z,4,none,none,False,False,False,False,False
c72b3ede-4be2-441d-9ea0-00cb2265a9f9,1.0,beta-minerals,north-site,safety_event,BETA-NORTH-SAFETY-019,safety_gateway,2026-09-01T16:14:27.813Z,4,none,none,False,False,False,False,False
7e2a1dab-b8a5-4ed9-8f71-01146e22f094,1.0,beta-minerals,north-site,safety_event,BETA-NORTH-SAFETY-020,safety_gateway,2026-09-01T16:14:27.813Z,4,none,none,False,False,False,False,False
1069ddd5-6200-4148-9637-d1da0a9266eb,1.0,acme-mining,site-01,safety_event,ACME-S01-SAFETY-001,safety_gateway,2026-09-01T16:14:32.813Z,5,none,none,False,False,False,False,False
b3108235-6958-4fe8-9d8e-684a8131b432,1.0,acme-mining,site-01,safety_event,ACME-S01-SAFETY-002,safety_gateway,2026-09-01T16:14:32.813Z,5,none,none,False,False,False,False,False
eedf4c70-9ffd-41f8-a67a-4f1de9cb55bc,1.0,acme-mining,site-01,safety_event,ACME-S01-SAFETY-003,safety_gateway,2026-09-01T16:14:32.813Z,5,none,none,False,False,False,False,False
95ea15b2-0e7d-412c-8358-60ccaa2e7e2c,1.0,acme-mining,site-01,safety_event,ACME-S01-SAFETY-004,safety_gateway,2026-09-01T16:14:32.813Z,5,none,none,False,False,False,False,False
45194095-6428-4fcf-9230-8b8e1531fc06,1.0,acme-mining,site-01,safety_event,ACME-S01-SAFETY-005,safety_gateway,2026-09-01T16:14:32.813Z,5,none,none,False,False,False,False,False
f3c1f6fd-9482-452b-9d4a-134c871efa67,1.0,acme-mining,site-02,safety_event,ACME-S02-SAFETY-001,safety_gateway,2026-09-01T16:14:32.813Z,5,none,none,False,False,False,False,False
f1ba61d3-83f9-4ed5-9352-8f5a93ddd11b,1.0,acme-mining,site-02,safety_event,ACME-S02-SAFETY-002,safety_gateway,2026-09-01T16:14:32.813Z,5,none,none,False,False,False,False,False
6d1010eb-02b0-4afd-9efe-b339b5a2f297,1.0,acme-mining,site-02,safety_event,ACME-S02-SAFETY-003,safety_gateway,2026-09-01T16:14:32.813Z,5,none,none,False,False,False,False,False
847ebb59-f219-48c3-af31-d5ee12830aee,1.0,acme-mining,site-02,safety_event,ACME-S02-SAFETY-004,safety_gateway,2026-09-01T16:14:32.813Z,5,none,none,False,False,False,False,False
db5b2394-5807-44b3-a96f-786578b72531,1.0,acme-mining,site-02,safety_event,ACME-S02-SAFETY-005,safety_gateway,2026-09-01T16:14:32.813Z,5,none,none,False,False,False,False,False
a480386f-c3ab-4108-bb89-1c3aa2d3c534,1.0,beta-minerals,north-site,safety_event,BETA-NORTH-SAFETY-001,safety_gateway,2026-09-01T16:14:32.813Z,5,none,none,False,False,False,False,False
d352f8fe-0f8c-4c13-9547-31713ea990da,1.0,beta-minerals,north-site,safety_event,BETA-NORTH-SAFETY-002,safety_gateway,2026-09-01T16:14:32.813Z,5,none,none,False,False,False,False,False
58d4d928-8009-487c-bad5-160a4021ca49,1.0,beta-minerals,north-site,safety_event,BETA-NORTH-SAFETY-003,safety_gateway,2026-09-01T16:14:32.813Z,5,overspeed,critical,True,False,True,False,False
3ce68aa3-7ada-448f-9265-6e1895172f9d,1.0,beta-minerals,north-site,safety_event,BETA-NORTH-SAFETY-004,safety_gateway,2026-09-01T16:14:32.813Z,5,none,none,False,False,False,False,False
cdd28582-5a35-4bf8-8411-f2256b68398a,1.0,beta-minerals,north-site,safety_event,BETA-NORTH-SAFETY-005,safety_gateway,2026-09-01T16:14:32.813Z,5,none,none,False,False,False,False,False
7446930d-3e22-40c1-b55f-352f156218a7,1.0,beta-minerals,north-site,safety_event,BETA-NORTH-SAFETY-006,safety_gateway,2026-09-01T16:14:32.813Z,5,none,none,False,False,False,False,False
6a81caa4-e4ce-4f0c-9dc1-5f3e0521eb9f,1.0,beta-minerals,north-site,safety_event,BETA-NORTH-SAFETY-007,safety_gateway,2026-09-01T16:14:32.813Z,5,none,none,False,False,False,False,False
2bbe4abf-8ef4-445a-972c-7c80f3e1886b,1.0,beta-minerals,north-site,safety_event,BETA-NORTH-SAFETY-008,safety_gateway,2026-09-01T16:14:32.813Z,5,none,none,False,False,False,False,False
d4e3d133-b2ac-45fb-a955-44f6dff93f8d,1.0,beta-minerals,north-site,safety_event,BETA-NORTH-SAFETY-009,safety_gateway,2026-09-01T16:14:32.813Z,5,none,none,False,False,False,False,False
c3bc87b3-f288-4f8e-a6f3-25e8587b4833,1.0,beta-minerals,north-site,safety_event,BETA-NORTH-SAFETY-010,safety_gateway,2026-09-01T16:14:32.813Z,5,none,none,False,False,False,False,False
4c37aac1-72fc-4027-949f-989e127ec24d,1.0,beta-minerals,north-site,safety_event,BETA-NORTH-SAFETY-011,safety_gateway,2026-09-01T16:14:32.813Z,5,none,none,False,False,False,False,False
a19e5bdb-d2de-4673-bca0-edf3ee59540f,1.0,beta-minerals,north-site,safety_event,BETA-NORTH-SAFETY-012,safety_gateway,2026-09-01T16:14:32.813Z,5,none,none,False,False,False,False,False
603d7dd2-4793-4dd8-9e91-1272ba01b183,1.0,beta-minerals,north-site,safety_event,BETA-NORTH-SAFETY-013,safety_gateway,2026-09-01T16:14:32.813Z,5,none,none,False,False,False,False,False
94a3f9ab-4599-4349-9dcc-8ca434dbcb71,1.0,beta-minerals,north-site,safety_event,BETA-NORTH-SAFETY-014,safety_gateway,2026-09-01T16:14:32.813Z,5,none,none,False,False,False,False,False
ac6c5545-9035-4cdf-8c39-d433bc7b5b42,1.0,beta-minerals,north-site,safety_event,BETA-NORTH-SAFETY-015,safety_gateway,2026-09-01T16:14:32.813Z,5,none,none,False,False,False,False,False
cf59f8ae-f649-4f1b-996c-5e027633caf7,1.0,beta-minerals,north-site,safety_event,BETA-NORTH-SAFETY-016,safety_gateway,2026-09-01T16:14:32.813Z,5,none,none,False,False,False,False,False
e3fe42ec-663d-48f2-839f-f31219369b4d,1.0,beta-minerals,north-site,safety_event,BETA-NORTH-SAFETY-017,safety_gateway,2026-09-01T16:14:32.813Z,5,none,none,False,False,False,False,False
641b287e-3190-47a8-8ef7-2eef10689333,1.0,beta-minerals,north-site,safety_event,BETA-NORTH-SAFETY-018,safety_gateway,2026-09-01T16:14:32.813Z,5,none,none,False,False,False,False,False
b2935477-d93c-4d6a-9fca-2df782ec6548,1.0,beta-minerals,north-site,safety_event,BETA-NORTH-SAFETY-019,safety_gateway,2026-09-01T16:14:32.813Z,5,none,none,False,False,False,False,False
6d4d6f75-b382-4cf5-bfd0-1354b7324f4b,1.0,beta-minerals,north-site,safety_event,BETA-NORTH-SAFETY-020,safety_gateway,2026-09-01T16:14:32.813Z,5,none,none,False,False,False,False,False
5ca8f954-0914-4cac-86b5-a5acbd35e3af,1.0,acme-mining,site-01,safety_event,ACME-S01-SAFETY-001,safety_gateway,2026-09-01T16:14:37.813Z,6,none,none,False,False,False,False,False
b27dd092-a725-4402-b94d-26959086d7c1,1.0,acme-mining,site-01,safety_event,ACME-S01-SAFETY-002,safety_gateway,2026-09-01T16:14:37.813Z,6,none,none,False,False,False,False,False
c759a917-a7f1-4bfc-892a-59a40f151c4d,1.0,acme-mining,site-01,safety_event,ACME-S01-SAFETY-003,safety_gateway,2026-09-01T16:14:37.813Z,6,none,none,False,False,False,False,False
0c5f7dd4-7e8d-491d-bf2c-87bf469615c7,1.0,acme-mining,site-01,safety_event,ACME-S01-SAFETY-004,safety_gateway,2026-09-01T16:14:37.813Z,6,none,none,False,False,False,False,False
c1e0d739-82d5-4914-b7f5-ba4578c0ec99,1.0,acme-mining,site-01,safety_event,ACME-S01-SAFETY-005,safety_gateway,2026-09-01T16:14:37.813Z,6,none,none,False,False,False,False,False
f2d64385-8831-422e-81bf-e1e828a68546,1.0,acme-mining,site-02,safety_event,ACME-S02-SAFETY-001,safety_gateway,2026-09-01T16:14:37.813Z,6,geofence_violation,critical,True,True,False,False,False
47134672-2547-4942-bdc5-988f1d3b32be,1.0,acme-mining,site-02,safety_event,ACME-S02-SAFETY-002,safety_gateway,2026-09-01T16:14:37.813Z,6,none,none,False,False,False,False,False
ad812da4-5905-455b-aa3c-25542c005f73,1.0,acme-mining,site-02,safety_event,ACME-S02-SAFETY-003,safety_gateway,2026-09-01T16:14:37.813Z,6,none,none,False,False,False,False,False
67639fa3-9eb7-49b5-aa13-429a3d6891c8,1.0,acme-mining,site-02,safety_event,ACME-S02-SAFETY-004,safety_gateway,2026-09-01T16:14:37.813Z,6,none,none,False,False,False,False,False
cf855c14-d8f7-478c-b4f8-838452750534,1.0,acme-mining,site-02,safety_event,ACME-S02-SAFETY-005,safety_gateway,2026-09-01T16:14:37.813Z,6,none,none,False,False,False,False,False
c7682cee-130e-4ee7-9354-b6d70fc8f365,1.0,beta-minerals,north-site,safety_event,BETA-NORTH-SAFETY-001,safety_gateway,2026-09-01T16:14:37.813Z,6,none,none,False,False,False,False,False
58dbaa10-0aed-4145-a0e0-637161b03b74,1.0,beta-minerals,north-site,safety_event,BETA-NORTH-SAFETY-002,safety_gateway,2026-09-01T16:14:37.813Z,6,none,none,False,False,False,False,False
02eeb5cf-20ad-4ea5-b654-be63cdb811fd,1.0,beta-minerals,north-site,safety_event,BETA-NORTH-SAFETY-003,safety_gateway,2026-09-01T16:14:37.813Z,6,none,none,False,False,False,False,False
d265d08c-c20b-4978-81ef-b93618a09475,1.0,beta-minerals,north-site,safety_event,BETA-NORTH-SAFETY-004,safety_gateway,2026-09-01T16:14:37.813Z,6,none,none,False,False,False,False,False
a0c2d92a-7537-4d93-82b0-662e2bfde4ac,1.0,beta-minerals,north-site,safety_event,BETA-NORTH-SAFETY-005,safety_gateway,2026-09-01T16:14:37.813Z,6,none,none,False,False,False,False,False
391fc19e-701e-4aaf-96f8-7edce4d8693f,1.0,beta-minerals,north-site,safety_event,BETA-NORTH-SAFETY-006,safety_gateway,2026-09-01T16:14:37.813Z,6,harsh_braking,critical,True,False,False,True,False
65e41f38-a66e-462c-bcce-993dd6aee347,1.0,beta-minerals,north-site,safety_event,BETA-NORTH-SAFETY-007,safety_gateway,2026-09-01T16:14:37.813Z,6,none,none,False,False,False,False,False
e9bbef5a-1913-4325-b90a-04dcef1f9c74,1.0,beta-minerals,north-site,safety_event,BETA-NORTH-SAFETY-008,safety_gateway,2026-09-01T16:14:37.813Z,6,none,none,False,False,False,False,False
9b832701-ccd0-478f-b48c-4f4fd6858f9b,1.0,beta-minerals,north-site,safety_event,BETA-NORTH-SAFETY-009,safety_gateway,2026-09-01T16:14:37.813Z,6,none,none,False,False,False,False,False
9524531a-4002-4987-b39f-14eae7e9d4ef,1.0,beta-minerals,north-site,safety_event,BETA-NORTH-SAFETY-010,safety_gateway,2026-09-01T16:14:37.813Z,6,none,none,False,False,False,False,False
3f88a296-4d19-4abe-aa8e-9f9c95b00299,1.0,beta-minerals,north-site,safety_event,BETA-NORTH-SAFETY-011,safety_gateway,2026-09-01T16:14:37.813Z,6,none,none,False,False,False,False,False
5b658827-8961-49b9-a8cd-15eaf9f60a99,1.0,beta-minerals,north-site,safety_event,BETA-NORTH-SAFETY-012,safety_gateway,2026-09-01T16:14:37.813Z,6,none,none,False,False,False,False,False
052c280d-6856-4e82-a2d1-a20f25d2cf9d,1.0,beta-minerals,north-site,safety_event,BETA-NORTH-SAFETY-013,safety_gateway,2026-09-01T16:14:37.813Z,6,none,none,False,False,False,False,False
1901925d-409a-47c4-81c2-acaca5dbd928,1.0,beta-minerals,north-site,safety_event,BETA-NORTH-SAFETY-014,safety_gateway,2026-09-01T16:14:37.813Z,6,overspeed,high,True,False,True,False,False
a5fbe441-c0fc-472e-86e5-4ab95e79e22e,1.0,beta-minerals,north-site,safety_event,BETA-NORTH-SAFETY-015,safety_gateway,2026-09-01T16:14:37.813Z,6,none,none,False,False,False,False,False
549ccc2a-b996-499a-bb7f-388a8b26e117,1.0,beta-minerals,north-site,safety_event,BETA-NORTH-SAFETY-016,safety_gateway,2026-09-01T16:14:37.813Z,6,none,none,False,False,False,False,False
5371711a-9a02-47db-9767-af21af04181b,1.0,beta-minerals,north-site,safety_event,BETA-NORTH-SAFETY-017,safety_gateway,2026-09-01T16:14:37.813Z,6,none,none,False,False,False,False,False
f6a670b2-246f-43ce-97c3-1ba33c2f906d,1.0,beta-minerals,north-site,safety_event,BETA-NORTH-SAFETY-018,safety_gateway,2026-09-01T16:14:37.813Z,6,none,none,False,False,False,False,False
5c37218c-a37d-4569-8945-dd7104391602,1.0,beta-minerals,north-site,safety_event,BETA-NORTH-SAFETY-019,safety_gateway,2026-09-01T16:14:37.813Z,6,none,none,False,False,False,False,False
205d796e-f718-46ab-8965-2d6537e72374,1.0,beta-minerals,north-site,safety_event,BETA-NORTH-SAFETY-020,safety_gateway,2026-09-01T16:14:37.813Z,6,none,none,False,False,False,False,False
442bf545-a3b5-4b22-b804-ee93d209f200,1.0,acme-mining,site-01,safety_event,ACME-S01-SAFETY-001,safety_gateway,2026-09-01T16:14:42.813Z,7,none,none,False,False,False,False,False
74939f5b-a4a4-4ead-8fbe-ccf7b4e9d988,1.0,acme-mining,site-01,safety_event,ACME-S01-SAFETY-002,safety_gateway,2026-09-01T16:14:42.813Z,7,none,none,False,False,False,False,False
7fd50078-b19a-40ba-b9e3-3ae0e6e714c5,1.0,acme-mining,site-01,safety_event,ACME-S01-SAFETY-003,safety_gateway,2026-09-01T16:14:42.813Z,7,none,none,False,False,False,False,False
9ca80b7b-478e-465c-ab8d-413ab7fa2db0,1.0,acme-mining,site-01,safety_event,ACME-S01-SAFETY-004,safety_gateway,2026-09-01T16:14:42.813Z,7,none,none,False,False,False,False,False
6e02f68d-3bb0-49a9-84ac-48dc899e511e,1.0,acme-mining,site-01,safety_event,ACME-S01-SAFETY-005,safety_gateway,2026-09-01T16:14:42.813Z,7,none,none,False,False,False,False,False
ffa47d49-c6d2-45ae-acda-8e82ac6230ae,1.0,acme-mining,site-02,safety_event,ACME-S02-SAFETY-001,safety_gateway,2026-09-01T16:14:42.813Z,7,none,none,False,False,False,False,False
28158b1f-d2a7-4428-82cf-dc1246f15fa7,1.0,acme-mining,site-02,safety_event,ACME-S02-SAFETY-002,safety_gateway,2026-09-01T16:14:42.813Z,7,none,none,False,False,False,False,False
7f7c57f5-b9a5-429f-acc3-f0a545a2d764,1.0,acme-mining,site-02,safety_event,ACME-S02-SAFETY-003,safety_gateway,2026-09-01T16:14:42.813Z,7,none,none,False,False,False,False,False
137bfeb5-5863-43b0-841c-13e7b17e3529,1.0,acme-mining,site-02,safety_event,ACME-S02-SAFETY-004,safety_gateway,2026-09-01T16:14:42.813Z,7,none,none,False,False,False,False,False
ecb04416-3ff6-403c-b513-8d60151d129d,1.0,acme-mining,site-02,safety_event,ACME-S02-SAFETY-005,safety_gateway,2026-09-01T16:14:42.813Z,7,overspeed,high,True,False,True,False,False
86a7f5d4-4c7d-4007-a299-9431058a67a3,1.0,beta-minerals,north-site,safety_event,BETA-NORTH-SAFETY-001,safety_gateway,2026-09-01T16:14:42.813Z,7,none,none,False,False,False,False,False
d1b426be-93d5-48d6-b75e-031475770dce,1.0,beta-minerals,north-site,safety_event,BETA-NORTH-SAFETY-002,safety_gateway,2026-09-01T16:14:42.813Z,7,none,none,False,False,False,False,False
1ba81ce2-1182-4403-b436-a6dce9b42abd,1.0,beta-minerals,north-site,safety_event,BETA-NORTH-SAFETY-003,safety_gateway,2026-09-01T16:14:42.813Z,7,none,none,False,False,False,False,False
e76c3a09-f69f-4549-93fa-a522ce8f2626,1.0,beta-minerals,north-site,safety_event,BETA-NORTH-SAFETY-004,safety_gateway,2026-09-01T16:14:42.813Z,7,none,none,False,False,False,False,False
a198338a-266b-4def-bc6b-1216e6d3273b,1.0,beta-minerals,north-site,safety_event,BETA-NORTH-SAFETY-005,safety_gateway,2026-09-01T16:14:42.813Z,7,none,none,False,False,False,False,False
d14c898b-da32-4a2e-bbd8-768581a1a396,1.0,beta-minerals,north-site,safety_event,BETA-NORTH-SAFETY-006,safety_gateway,2026-09-01T16:14:42.813Z,7,none,none,False,False,False,False,False
a2a46331-7d91-448a-8cd7-548a682fd155,1.0,beta-minerals,north-site,safety_event,BETA-NORTH-SAFETY-007,safety_gateway,2026-09-01T16:14:42.813Z,7,none,none,False,False,False,False,False
28765715-49cf-4ac5-94f1-ab2816c1dc25,1.0,beta-minerals,north-site,safety_event,BETA-NORTH-SAFETY-008,safety_gateway,2026-09-01T16:14:42.813Z,7,none,none,False,False,False,False,False
90207e8e-c152-444e-b629-b739fb376dbe,1.0,beta-minerals,north-site,safety_event,BETA-NORTH-SAFETY-009,safety_gateway,2026-09-01T16:14:42.813Z,7,none,none,False,False,False,False,False
47d3864d-829c-46de-b409-11356737b975,1.0,beta-minerals,north-site,safety_event,BETA-NORTH-SAFETY-010,safety_gateway,2026-09-01T16:14:42.813Z,7,none,none,False,False,False,False,False
fef513cb-2e17-4580-a576-baefed5308d7,1.0,beta-minerals,north-site,safety_event,BETA-NORTH-SAFETY-011,safety_gateway,2026-09-01T16:14:42.813Z,7,none,none,False,False,False,False,False
72d5b5ae-16c3-483a-9c7f-8bd84572c58d,1.0,beta-minerals,north-site,safety_event,BETA-NORTH-SAFETY-012,safety_gateway,2026-09-01T16:14:42.813Z,7,none,none,False,False,False,False,False
77384cbb-2097-4bb1-a9b5-130f63839433,1.0,beta-minerals,north-site,safety_event,BETA-NORTH-SAFETY-013,safety_gateway,2026-09-01T16:14:42.813Z,7,none,none,False,False,False,False,False
520ab838-23c1-4459-ace6-229f8ccc5118,1.0,beta-minerals,north-site,safety_event,BETA-NORTH-SAFETY-014,safety_gateway,2026-09-01T16:14:42.813Z,7,none,none,False,False,False,False,False
fca6d492-5cb7-4a93-8842-062f97e46428,1.0,beta-minerals,north-site,safety_event,BETA-NORTH-SAFETY-015,safety_gateway,2026-09-01T16:14:42.813Z,7,none,none,False,False,False,False,False
939b6219-f036-4ba9-bee8-05f53f5a6174,1.0,beta-minerals,north-site,safety_event,BETA-NORTH-SAFETY-016,safety_gateway,2026-09-01T16:14:42.813Z,7,none,none,False,False,False,False,False
b3ee5c69-02e2-4c26-ac40-f4b68e46827d,1.0,beta-minerals,north-site,safety_event,BETA-NORTH-SAFETY-017,safety_gateway,2026-09-01T16:14:42.813Z,7,none,none,False,False,False,False,False
903b6780-624d-4a4f-ac9a-018b1af84d8a,1.0,beta-minerals,north-site,safety_event,BETA-NORTH-SAFETY-018,safety_gateway,2026-09-01T16:14:42.813Z,7,none,none,False,False,False,False,False
a23713ea-be1d-4e13-aa2f-c578caeeff5f,1.0,beta-minerals,north-site,safety_event,BETA-NORTH-SAFETY-019,safety_gateway,2026-09-01T16:14:42.813Z,7,none,none,False,False,False,False,False
21d6d089-d36e-42b0-ad4f-a3803f87f0d4,1.0,beta-minerals,north-site,safety_event,BETA-NORTH-SAFETY-020,safety_gateway,2026-09-01T16:14:42.813Z,7,none,none,False,False,False,False,False
6d6ad0ac-ceff-4c93-9144-d6cb6a5651e7,1.0,acme-mining,site-01,safety_event,ACME-S01-SAFETY-001,safety_gateway,2026-09-01T16:14:47.813Z,8,none,none,False,False,False,False,False
338a124a-fc65-43d6-a531-41225e9e368e,1.0,acme-mining,site-01,safety_event,ACME-S01-SAFETY-002,safety_gateway,2026-09-01T16:14:47.813Z,8,harsh_braking,critical,True,False,False,True,False
f5df3ebf-6af5-46ae-b8cb-6fa0b7be2662,1.0,acme-mining,site-01,safety_event,ACME-S01-SAFETY-003,safety_gateway,2026-09-01T16:14:47.813Z,8,none,none,False,False,False,False,False
4a728f1b-58cd-4007-b939-a7ff178ddf0d,1.0,acme-mining,site-01,safety_event,ACME-S01-SAFETY-004,safety_gateway,2026-09-01T16:14:47.813Z,8,none,none,False,False,False,False,False
aee6ea13-b1ab-458b-be7d-5d2993a945ff,1.0,acme-mining,site-01,safety_event,ACME-S01-SAFETY-005,safety_gateway,2026-09-01T16:14:47.813Z,8,none,none,False,False,False,False,False
ff626f90-871c-4d3e-ba74-956483166f79,1.0,acme-mining,site-02,safety_event,ACME-S02-SAFETY-001,safety_gateway,2026-09-01T16:14:47.813Z,8,harsh_braking,critical,True,False,False,True,False
dd19ac17-214e-4d67-a791-c0f2bacbea02,1.0,acme-mining,site-02,safety_event,ACME-S02-SAFETY-002,safety_gateway,2026-09-01T16:14:47.813Z,8,none,none,False,False,False,False,False
46ecb9f3-8442-4b27-a61a-53b4cc781813,1.0,acme-mining,site-02,safety_event,ACME-S02-SAFETY-003,safety_gateway,2026-09-01T16:14:47.813Z,8,none,none,False,False,False,False,False
32702ce8-1178-485d-9ed4-d1d3e4f462bc,1.0,acme-mining,site-02,safety_event,ACME-S02-SAFETY-004,safety_gateway,2026-09-01T16:14:47.813Z,8,none,none,False,False,False,False,False
e1b736bc-2c17-43e3-baf7-fce1c1913dfd,1.0,acme-mining,site-02,safety_event,ACME-S02-SAFETY-005,safety_gateway,2026-09-01T16:14:47.813Z,8,none,none,False,False,False,False,False
4089fdbc-032b-43f2-8976-166954e96c3c,1.0,beta-minerals,north-site,safety_event,BETA-NORTH-SAFETY-001,safety_gateway,2026-09-01T16:14:47.813Z,8,none,none,False,False,False,False,False
710c350b-890f-49cc-bd2d-38731efb8467,1.0,beta-minerals,north-site,safety_event,BETA-NORTH-SAFETY-002,safety_gateway,2026-09-01T16:14:47.813Z,8,none,none,False,False,False,False,False
6f985c7e-3d92-44c9-9f1d-695677b0b753,1.0,beta-minerals,north-site,safety_event,BETA-NORTH-SAFETY-003,safety_gateway,2026-09-01T16:14:47.813Z,8,none,none,False,False,False,False,False
d61b3e69-79f0-493d-a988-ae96c3790b74,1.0,beta-minerals,north-site,safety_event,BETA-NORTH-SAFETY-004,safety_gateway,2026-09-01T16:14:47.813Z,8,none,none,False,False,False,False,False
adc19341-d51a-441e-97a4-541d5c203418,1.0,beta-minerals,north-site,safety_event,BETA-NORTH-SAFETY-005,safety_gateway,2026-09-01T16:14:47.813Z,8,none,none,False,False,False,False,False
cb9676c3-ed94-4c6a-aef3-5a702c4e529f,1.0,beta-minerals,north-site,safety_event,BETA-NORTH-SAFETY-006,safety_gateway,2026-09-01T16:14:47.813Z,8,none,none,False,False,False,False,False
9f335813-655d-47e3-b6f6-4fe713101bf7,1.0,beta-minerals,north-site,safety_event,BETA-NORTH-SAFETY-007,safety_gateway,2026-09-01T16:14:47.813Z,8,none,none,False,False,False,False,False
15be5469-83fa-4f6d-ad7f-f75f6f582e3a,1.0,beta-minerals,north-site,safety_event,BETA-NORTH-SAFETY-008,safety_gateway,2026-09-01T16:14:47.813Z,8,none,none,False,False,False,False,False
39ca5ac5-e196-4e62-b156-72ee3ede6f6f,1.0,beta-minerals,north-site,safety_event,BETA-NORTH-SAFETY-009,safety_gateway,2026-09-01T16:14:47.813Z,8,none,none,False,False,False,False,False
605c5e70-1690-486f-b0dd-f8ae6ce39fe0,1.0,beta-minerals,north-site,safety_event,BETA-NORTH-SAFETY-010,safety_gateway,2026-09-01T16:14:47.813Z,8,none,none,False,False,False,False,False
227c0974-2b7b-4308-b596-be8d387e29d7,1.0,beta-minerals,north-site,safety_event,BETA-NORTH-SAFETY-011,safety_gateway,2026-09-01T16:14:47.813Z,8,none,none,False,False,False,False,False
657c7009-a652-4267-97eb-5bdc81951a87,1.0,beta-minerals,north-site,safety_event,BETA-NORTH-SAFETY-012,safety_gateway,2026-09-01T16:14:47.813Z,8,none,none,False,False,False,False,False
9c166b04-1b4d-43ee-bc84-3bb4e3f875ec,1.0,beta-minerals,north-site,safety_event,BETA-NORTH-SAFETY-013,safety_gateway,2026-09-01T16:14:47.813Z,8,none,none,False,False,False,False,False
9825f31f-2468-4347-a9d9-450663843803,1.0,beta-minerals,north-site,safety_event,BETA-NORTH-SAFETY-014,safety_gateway,2026-09-01T16:14:47.813Z,8,none,none,False,False,False,False,False
b2625889-c226-42a7-955d-e580db744222,1.0,beta-minerals,north-site,safety_event,BETA-NORTH-SAFETY-015,safety_gateway,2026-09-01T16:14:47.813Z,8,none,none,False,False,False,False,False
4b9318c5-aba4-46e2-9e69-b4c3c4dc1e2d,1.0,beta-minerals,north-site,safety_event,BETA-NORTH-SAFETY-016,safety_gateway,2026-09-01T16:14:47.813Z,8,none,none,False,False,False,False,False
ab6e6758-a004-4110-9c93-4ae7f1651ca2,1.0,beta-minerals,north-site,safety_event,BETA-NORTH-SAFETY-017,safety_gateway,2026-09-01T16:14:47.813Z,8,none,none,False,False,False,False,False
d98e59b8-1dd7-4cf4-bf0c-3616d5e10640,1.0,beta-minerals,north-site,safety_event,BETA-NORTH-SAFETY-018,safety_gateway,2026-09-01T16:14:47.813Z,8,none,none,False,False,False,False,False
31e86f6f-57b3-482a-998c-e107734ff2ca,1.0,beta-minerals,north-site,safety_event,BETA-NORTH-SAFETY-019,safety_gateway,2026-09-01T16:14:47.813Z,8,none,none,False,False,False,False,False
207e6981-8a6f-4ee2-a194-508dd6ad3416,1.0,beta-minerals,north-site,safety_event,BETA-NORTH-SAFETY-020,safety_gateway,2026-09-01T16:14:47.813Z,8,none,none,False,False,False,False,False
a2e812bf-dc76-46cc-896b-5613f5540bfb,1.0,acme-mining,site-01,safety_event,ACME-S01-SAFETY-001,safety_gateway,2026-09-01T16:14:52.813Z,9,none,none,False,False,False,False,False
eafb1533-5ad9-4f41-812c-63b92370e5a6,1.0,acme-mining,site-01,safety_event,ACME-S01-SAFETY-002,safety_gateway,2026-09-01T16:14:52.813Z,9,none,none,False,False,False,False,False
bdd5232f-ecf3-413e-911e-b0e9458ad7f3,1.0,acme-mining,site-01,safety_event,ACME-S01-SAFETY-003,safety_gateway,2026-09-01T16:14:52.813Z,9,none,none,False,False,False,False,False
e4568d98-fc24-4f45-913b-8111fb8f904d,1.0,acme-mining,site-01,safety_event,ACME-S01-SAFETY-004,safety_gateway,2026-09-01T16:14:52.813Z,9,none,none,False,False,False,False,False
5c56cf18-353f-4d79-8ed7-1b11e7d980ee,1.0,acme-mining,site-01,safety_event,ACME-S01-SAFETY-005,safety_gateway,2026-09-01T16:14:52.813Z,9,none,none,False,False,False,False,False
5c3bfec0-5ce6-4d82-a194-b2984af91155,1.0,acme-mining,site-02,safety_event,ACME-S02-SAFETY-001,safety_gateway,2026-09-01T16:14:52.813Z,9,none,none,False,False,False,False,False
e027ef68-46d7-49d8-ba84-eb8493059a6f,1.0,acme-mining,site-02,safety_event,ACME-S02-SAFETY-002,safety_gateway,2026-09-01T16:14:52.813Z,9,none,none,False,False,False,False,False
9bc24979-f485-4381-8394-ecacc5991840,1.0,acme-mining,site-02,safety_event,ACME-S02-SAFETY-003,safety_gateway,2026-09-01T16:14:52.813Z,9,none,none,False,False,False,False,False
56761dbd-74f7-4787-bb25-a8a4a211d165,1.0,acme-mining,site-02,safety_event,ACME-S02-SAFETY-004,safety_gateway,2026-09-01T16:14:52.813Z,9,none,none,False,False,False,False,False
cff5e574-bff5-4fdc-8b94-357a239cad6b,1.0,acme-mining,site-02,safety_event,ACME-S02-SAFETY-005,safety_gateway,2026-09-01T16:14:52.813Z,9,none,none,False,False,False,False,False
b2038e0b-f384-4d84-84f8-20d7e14dd5ef,1.0,beta-minerals,north-site,safety_event,BETA-NORTH-SAFETY-001,safety_gateway,2026-09-01T16:14:52.813Z,9,none,none,False,False,False,False,False
f6869aab-5f0e-49e6-8cfc-b5117497c2e7,1.0,beta-minerals,north-site,safety_event,BETA-NORTH-SAFETY-002,safety_gateway,2026-09-01T16:14:52.813Z,9,none,none,False,False,False,False,False
f06e27f5-6e4e-4275-858d-17002bd2b766,1.0,beta-minerals,north-site,safety_event,BETA-NORTH-SAFETY-003,safety_gateway,2026-09-01T16:14:52.813Z,9,none,none,False,False,False,False,False
742b2124-5a9f-4de6-9c7e-711de692dd35,1.0,beta-minerals,north-site,safety_event,BETA-NORTH-SAFETY-004,safety_gateway,2026-09-01T16:14:52.813Z,9,none,none,False,False,False,False,False
dda8cd12-9110-4798-bfd5-8d82b850dd1d,1.0,beta-minerals,north-site,safety_event,BETA-NORTH-SAFETY-005,safety_gateway,2026-09-01T16:14:52.813Z,9,none,none,False,False,False,False,False
a3d12027-91f8-4e29-80cf-3d8f849cbe84,1.0,beta-minerals,north-site,safety_event,BETA-NORTH-SAFETY-006,safety_gateway,2026-09-01T16:14:52.813Z,9,none,none,False,False,False,False,False
68508545-335c-4ba1-92fc-86fca95087aa,1.0,beta-minerals,north-site,safety_event,BETA-NORTH-SAFETY-007,safety_gateway,2026-09-01T16:14:52.813Z,9,none,none,False,False,False,False,False
09b08492-a52a-4d11-998a-abef861a7b59,1.0,beta-minerals,north-site,safety_event,BETA-NORTH-SAFETY-008,safety_gateway,2026-09-01T16:14:52.813Z,9,none,none,False,False,False,False,False
4bc8e5e3-a877-4845-8519-9ad551f89d26,1.0,beta-minerals,north-site,safety_event,BETA-NORTH-SAFETY-009,safety_gateway,2026-09-01T16:14:52.813Z,9,none,none,False,False,False,False,False
4777a817-ab11-4324-8568-8b3045593be4,1.0,beta-minerals,north-site,safety_event,BETA-NORTH-SAFETY-010,safety_gateway,2026-09-01T16:14:52.813Z,9,none,none,False,False,False,False,False
d0f1fa44-b244-4bb6-a6d6-4bea9f0f46f4,1.0,beta-minerals,north-site,safety_event,BETA-NORTH-SAFETY-011,safety_gateway,2026-09-01T16:14:52.813Z,9,none,none,False,False,False,False,False
b7816724-ec4f-4bc6-a49d-b9b90f02d031,1.0,beta-minerals,north-site,safety_event,BETA-NORTH-SAFETY-012,safety_gateway,2026-09-01T16:14:52.813Z,9,none,none,False,False,False,False,False
ce6b6cfa-1c93-4c1a-9df0-0d17f8d9ae31,1.0,beta-minerals,north-site,safety_event,BETA-NORTH-SAFETY-013,safety_gateway,2026-09-01T16:14:52.813Z,9,none,none,False,False,False,False,False
f59c73bd-4400-4fa6-aa3b-bb048c8c4e30,1.0,beta-minerals,north-site,safety_event,BETA-NORTH-SAFETY-014,safety_gateway,2026-09-01T16:14:52.813Z,9,none,none,False,False,False,False,False
2852311d-330b-4d75-bc75-8129454b8ed9,1.0,beta-minerals,north-site,safety_event,BETA-NORTH-SAFETY-015,safety_gateway,2026-09-01T16:14:52.813Z,9,none,none,False,False,False,False,False
e0916f9e-28b3-4b1a-9422-9104038d7110,1.0,beta-minerals,north-site,safety_event,BETA-NORTH-SAFETY-016,safety_gateway,2026-09-01T16:14:52.813Z,9,overspeed,high,True,False,True,False,False
b4c5fcc1-ef75-4480-87ad-b632c41713b1,1.0,beta-minerals,north-site,safety_event,BETA-NORTH-SAFETY-017,safety_gateway,2026-09-01T16:14:52.813Z,9,none,none,False,False,False,False,False
ce889bf2-a7ae-45a2-852b-394230444503,1.0,beta-minerals,north-site,safety_event,BETA-NORTH-SAFETY-018,safety_gateway,2026-09-01T16:14:52.813Z,9,none,none,False,False,False,False,False
66542f55-f6a1-477a-af80-f093236db2b5,1.0,beta-minerals,north-site,safety_event,BETA-NORTH-SAFETY-019,safety_gateway,2026-09-01T16:14:52.813Z,9,none,none,False,False,False,False,False
cf59d4b3-56a0-4cf2-be86-5bcaf235b1e1,1.0,beta-minerals,north-site,safety_event,BETA-NORTH-SAFETY-020,safety_gateway,2026-09-01T16:14:52.813Z,9,none,none,False,False,False,False,False
482ebd0b-a283-488e-9f47-0bf0f7dc45ae,1.0,acme-mining,site-01,safety_event,ACME-S01-SAFETY-001,safety_gateway,2026-09-01T16:14:57.813Z,10,none,none,False,False,False,False,False
a0ab607c-d977-4c7b-b698-3d68d77d2b3c,1.0,acme-mining,site-01,safety_event,ACME-S01-SAFETY-002,safety_gateway,2026-09-01T16:14:57.813Z,10,none,none,False,False,False,False,False
d150fee6-e2c6-4833-a718-a4b6e4f37b72,1.0,acme-mining,site-01,safety_event,ACME-S01-SAFETY-003,safety_gateway,2026-09-01T16:14:57.813Z,10,none,none,False,False,False,False,False
93100b54-cd48-4ba9-8ff7-91fa70052df5,1.0,acme-mining,site-01,safety_event,ACME-S01-SAFETY-004,safety_gateway,2026-09-01T16:14:57.813Z,10,none,none,False,False,False,False,False
ded84b62-227d-4b9a-b9db-5453881d8579,1.0,acme-mining,site-01,safety_event,ACME-S01-SAFETY-005,safety_gateway,2026-09-01T16:14:57.813Z,10,none,none,False,False,False,False,False
d755e964-4bfc-4d9b-920f-65c087858f18,1.0,acme-mining,site-02,safety_event,ACME-S02-SAFETY-001,safety_gateway,2026-09-01T16:14:57.813Z,10,none,none,False,False,False,False,False
edacfde7-b835-4070-9c21-7e8d28b281c2,1.0,acme-mining,site-02,safety_event,ACME-S02-SAFETY-002,safety_gateway,2026-09-01T16:14:57.813Z,10,none,none,False,False,False,False,False
ff732bd8-92d4-4132-87cb-5e9bca15f182,1.0,acme-mining,site-02,safety_event,ACME-S02-SAFETY-003,safety_gateway,2026-09-01T16:14:57.813Z,10,none,none,False,False,False,False,False
8ab9df5f-c0ef-4430-a1ec-3cc62b30565d,1.0,acme-mining,site-02,safety_event,ACME-S02-SAFETY-004,safety_gateway,2026-09-01T16:14:57.813Z,10,none,none,False,False,False,False,False
0b26767b-4cfa-4d06-ac80-fad98dc181ba,1.0,acme-mining,site-02,safety_event,ACME-S02-SAFETY-005,safety_gateway,2026-09-01T16:14:57.813Z,10,none,none,False,False,False,False,False
f160829d-bb4c-439f-bc20-8ede7f5736b2,1.0,beta-minerals,north-site,safety_event,BETA-NORTH-SAFETY-001,safety_gateway,2026-09-01T16:14:57.813Z,10,none,none,False,False,False,False,False
b99b4880-7efa-43d9-8f14-87c5ac585cd0,1.0,beta-minerals,north-site,safety_event,BETA-NORTH-SAFETY-002,safety_gateway,2026-09-01T16:14:57.813Z,10,none,none,False,False,False,False,False
85f1894f-f0c7-4391-bafc-03b18341551e,1.0,beta-minerals,north-site,safety_event,BETA-NORTH-SAFETY-003,safety_gateway,2026-09-01T16:14:57.813Z,10,none,none,False,False,False,False,False
8f86d631-1b82-4808-966f-48cf13786d1f,1.0,beta-minerals,north-site,safety_event,BETA-NORTH-SAFETY-004,safety_gateway,2026-09-01T16:14:57.813Z,10,none,none,False,False,False,False,False
662c554b-598d-4c6d-a66f-e71608c66c2d,1.0,beta-minerals,north-site,safety_event,BETA-NORTH-SAFETY-005,safety_gateway,2026-09-01T16:14:57.813Z,10,none,none,False,False,False,False,False
600f9de5-a7f1-449d-babe-41234a1c77da,1.0,beta-minerals,north-site,safety_event,BETA-NORTH-SAFETY-006,safety_gateway,2026-09-01T16:14:57.813Z,10,none,none,False,False,False,False,False
c48fac24-ce8e-4b96-8600-c2276355414c,1.0,beta-minerals,north-site,safety_event,BETA-NORTH-SAFETY-007,safety_gateway,2026-09-01T16:14:57.813Z,10,harsh_braking,high,True,False,False,True,False
87fb3fa6-b08d-4bd3-935a-24f68cedf31b,1.0,beta-minerals,north-site,safety_event,BETA-NORTH-SAFETY-008,safety_gateway,2026-09-01T16:14:57.813Z,10,none,none,False,False,False,False,False
a2505ad0-151a-4faf-998b-918534a3eaa9,1.0,beta-minerals,north-site,safety_event,BETA-NORTH-SAFETY-009,safety_gateway,2026-09-01T16:14:57.813Z,10,none,none,False,False,False,False,False
62f80ced-d75b-40ca-99d8-2b665239a53a,1.0,beta-minerals,north-site,safety_event,BETA-NORTH-SAFETY-010,safety_gateway,2026-09-01T16:14:57.813Z,10,none,none,False,False,False,False,False
8f4eb23f-1604-4702-9371-faa35fcba7ad,1.0,beta-minerals,north-site,safety_event,BETA-NORTH-SAFETY-011,safety_gateway,2026-09-01T16:14:57.813Z,10,none,none,False,False,False,False,False
61c2c8c6-d668-40d7-b759-6fc15f72c8e7,1.0,beta-minerals,north-site,safety_event,BETA-NORTH-SAFETY-012,safety_gateway,2026-09-01T16:14:57.813Z,10,none,none,False,False,False,False,False
4f540294-e5e6-4c9e-b872-eff4e41e256f,1.0,beta-minerals,north-site,safety_event,BETA-NORTH-SAFETY-013,safety_gateway,2026-09-01T16:14:57.813Z,10,none,none,False,False,False,False,False
25087035-b522-4487-b02b-fca04a36ec11,1.0,beta-minerals,north-site,safety_event,BETA-NORTH-SAFETY-014,safety_gateway,2026-09-01T16:14:57.813Z,10,none,none,False,False,False,False,False
135cc6af-917f-479d-9492-4d87d1ec07e5,1.0,beta-minerals,north-site,safety_event,BETA-NORTH-SAFETY-015,safety_gateway,2026-09-01T16:14:57.813Z,10,none,none,False,False,False,False,False
f63e537a-3b9a-4db2-b9f8-502069b0745f,1.0,beta-minerals,north-site,safety_event,BETA-NORTH-SAFETY-016,safety_gateway,2026-09-01T16:14:57.813Z,10,none,none,False,False,False,False,False
eae90df6-a448-4846-86ee-a94bd592cd7b,1.0,beta-minerals,north-site,safety_event,BETA-NORTH-SAFETY-017,safety_gateway,2026-09-01T16:14:57.813Z,10,none,none,False,False,False,False,False
a37087a0-9dfb-46e5-901f-fb43221d19a6,1.0,beta-minerals,north-site,safety_event,BETA-NORTH-SAFETY-018,safety_gateway,2026-09-01T16:14:57.813Z,10,none,none,False,False,False,False,False
0fc12bc0-66c4-4eb7-a63a-a909f0d57f85,1.0,beta-minerals,north-site,safety_event,BETA-NORTH-SAFETY-019,safety_gateway,2026-09-01T16:14:57.813Z,10,none,none,False,False,False,False,False
e132595a-84f9-454c-97d4-507ba0cf654a,1.0,beta-minerals,north-site,safety_event,BETA-NORTH-SAFETY-020,safety_gateway,2026-09-01T16:14:57.813Z,10,none,none,False,False,False,False,False
232be08c-6f4f-4839-824e-4876f1e45c64,1.0,acme-mining,site-01,safety_event,ACME-S01-SAFETY-001,safety_gateway,2026-09-01T16:15:02.813Z,11,none,none,False,False,False,False,False
aab77910-e57f-4a38-a95b-c14eb4b73036,1.0,acme-mining,site-01,safety_event,ACME-S01-SAFETY-002,safety_gateway,2026-09-01T16:15:02.813Z,11,none,none,False,False,False,False,False
6f2441d8-9221-490e-a77b-fdd0187facc8,1.0,acme-mining,site-01,safety_event,ACME-S01-SAFETY-003,safety_gateway,2026-09-01T16:15:02.813Z,11,none,none,False,False,False,False,False
605484d9-41e5-4f0e-affc-6d7fdf13f138,1.0,acme-mining,site-01,safety_event,ACME-S01-SAFETY-004,safety_gateway,2026-09-01T16:15:02.813Z,11,none,none,False,False,False,False,False
52a89349-024b-4152-9afa-cb992169b644,1.0,acme-mining,site-01,safety_event,ACME-S01-SAFETY-005,safety_gateway,2026-09-01T16:15:02.813Z,11,none,none,False,False,False,False,False
934fcec9-e419-4134-9630-8f367359f3b1,1.0,acme-mining,site-02,safety_event,ACME-S02-SAFETY-001,safety_gateway,2026-09-01T16:15:02.813Z,11,none,none,False,False,False,False,False
88a6ab48-67d7-4830-841c-025357f1bb27,1.0,acme-mining,site-02,safety_event,ACME-S02-SAFETY-002,safety_gateway,2026-09-01T16:15:02.813Z,11,none,none,False,False,False,False,False
99872b3b-dd3a-4197-9bb1-156d55f4fa62,1.0,acme-mining,site-02,safety_event,ACME-S02-SAFETY-003,safety_gateway,2026-09-01T16:15:02.813Z,11,none,none,False,False,False,False,False
74717ae6-46b5-4091-9f5e-cc490cb8affb,1.0,acme-mining,site-02,safety_event,ACME-S02-SAFETY-004,safety_gateway,2026-09-01T16:15:02.813Z,11,none,none,False,False,False,False,False
0d8831eb-2fef-4300-88ae-f650a87afc81,1.0,acme-mining,site-02,safety_event,ACME-S02-SAFETY-005,safety_gateway,2026-09-01T16:15:02.813Z,11,none,none,False,False,False,False,False
2b45bfa6-6d3e-4b03-aca1-f3f8430094f8,1.0,beta-minerals,north-site,safety_event,BETA-NORTH-SAFETY-001,safety_gateway,2026-09-01T16:15:02.813Z,11,none,none,False,False,False,False,False
f9e66eaa-9ee2-4d8b-b239-c0809f4f0baf,1.0,beta-minerals,north-site,safety_event,BETA-NORTH-SAFETY-002,safety_gateway,2026-09-01T16:15:02.813Z,11,none,none,False,False,False,False,False
72a3dd61-89f7-4301-a5ef-ea4a8dbf9981,1.0,beta-minerals,north-site,safety_event,BETA-NORTH-SAFETY-003,safety_gateway,2026-09-01T16:15:02.813Z,11,none,none,False,False,False,False,False
b8cfe483-5ba4-47a7-b3b4-6d4e2aff7aed,1.0,beta-minerals,north-site,safety_event,BETA-NORTH-SAFETY-004,safety_gateway,2026-09-01T16:15:02.813Z,11,none,none,False,False,False,False,False
6ba16ae5-7f9f-4a29-aa73-db3874ce215a,1.0,beta-minerals,north-site,safety_event,BETA-NORTH-SAFETY-005,safety_gateway,2026-09-01T16:15:02.813Z,11,none,none,False,False,False,False,False
26c649d9-2d57-449c-80ab-8908b658035b,1.0,beta-minerals,north-site,safety_event,BETA-NORTH-SAFETY-006,safety_gateway,2026-09-01T16:15:02.813Z,11,none,none,False,False,False,False,False
c8ff4e59-6531-4302-80d1-367e475ab385,1.0,beta-minerals,north-site,safety_event,BETA-NORTH-SAFETY-007,safety_gateway,2026-09-01T16:15:02.813Z,11,none,none,False,False,False,False,False
66d77985-c195-4e54-a342-d73905a1ff85,1.0,beta-minerals,north-site,safety_event,BETA-NORTH-SAFETY-008,safety_gateway,2026-09-01T16:15:02.813Z,11,none,none,False,False,False,False,False
39cb7a70-4c01-413a-84af-122f9e9e2b86,1.0,beta-minerals,north-site,safety_event,BETA-NORTH-SAFETY-009,safety_gateway,2026-09-01T16:15:02.813Z,11,none,none,False,False,False,False,False
322eb204-115d-431f-917a-fa963a9dcd8d,1.0,beta-minerals,north-site,safety_event,BETA-NORTH-SAFETY-010,safety_gateway,2026-09-01T16:15:02.813Z,11,none,none,False,False,False,False,False
1780e68b-f61d-451c-a8ea-3dffee13a0ee,1.0,beta-minerals,north-site,safety_event,BETA-NORTH-SAFETY-011,safety_gateway,2026-09-01T16:15:02.813Z,11,none,none,False,False,False,False,False
f49c9838-5be9-4f26-a6dd-44070b6b96c6,1.0,beta-minerals,north-site,safety_event,BETA-NORTH-SAFETY-012,safety_gateway,2026-09-01T16:15:02.813Z,11,none,none,False,False,False,False,False
d504ec10-0612-4cc3-8209-300f92c942f9,1.0,beta-minerals,north-site,safety_event,BETA-NORTH-SAFETY-013,safety_gateway,2026-09-01T16:15:02.813Z,11,none,none,False,False,False,False,False
549fb1e7-b655-4663-931e-9360771f2543,1.0,beta-minerals,north-site,safety_event,BETA-NORTH-SAFETY-014,safety_gateway,2026-09-01T16:15:02.813Z,11,none,none,False,False,False,False,False
6876b580-0094-42af-a21b-36613754130d,1.0,beta-minerals,north-site,safety_event,BETA-NORTH-SAFETY-015,safety_gateway,2026-09-01T16:15:02.813Z,11,none,none,False,False,False,False,False
7c241e9f-7410-409c-b5ab-38fc32f84790,1.0,beta-minerals,north-site,safety_event,BETA-NORTH-SAFETY-016,safety_gateway,2026-09-01T16:15:02.813Z,11,none,none,False,False,False,False,False
aeacc262-31fd-45fe-b171-c561c5f7cf5f,1.0,beta-minerals,north-site,safety_event,BETA-NORTH-SAFETY-017,safety_gateway,2026-09-01T16:15:02.813Z,11,none,none,False,False,False,False,False
90a6d915-2288-4c92-8cda-80ce64f3b05d,1.0,beta-minerals,north-site,safety_event,BETA-NORTH-SAFETY-018,safety_gateway,2026-09-01T16:15:02.813Z,11,none,none,False,False,False,False,False
58e35f58-3cde-40b2-ac4b-6273ebf4316f,1.0,beta-minerals,north-site,safety_event,BETA-NORTH-SAFETY-019,safety_gateway,2026-09-01T16:15:02.813Z,11,none,none,False,False,False,False,False
4588570b-c12b-42d5-8c34-ceba56b7bfce,1.0,beta-minerals,north-site,safety_event,BETA-NORTH-SAFETY-020,safety_gateway,2026-09-01T16:15:02.813Z,11,none,none,False,False,False,False,False
d4d38dfc-aa53-4a2f-b9a3-a279953cb5af,1.0,acme-mining,site-01,safety_event,ACME-S01-SAFETY-001,safety_gateway,2026-09-01T16:15:07.813Z,12,none,none,False,False,False,False,False
98fa84b2-c8be-478a-8862-02e27ef74dd3,1.0,acme-mining,site-01,safety_event,ACME-S01-SAFETY-002,safety_gateway,2026-09-01T16:15:07.813Z,12,none,none,False,False,False,False,False
2970cc76-607e-4f48-93a8-67b5fec85ca5,1.0,acme-mining,site-01,safety_event,ACME-S01-SAFETY-003,safety_gateway,2026-09-01T16:15:07.813Z,12,none,none,False,False,False,False,False
23a82387-9100-443e-9402-5a42b14ce071,1.0,acme-mining,site-01,safety_event,ACME-S01-SAFETY-004,safety_gateway,2026-09-01T16:15:07.813Z,12,none,none,False,False,False,False,False
937fa971-de56-4532-808c-31bd598f6e89,1.0,acme-mining,site-01,safety_event,ACME-S01-SAFETY-005,safety_gateway,2026-09-01T16:15:07.813Z,12,none,none,False,False,False,False,False
740c19ab-ea6c-4c01-b296-7c09cd7142c0,1.0,acme-mining,site-02,safety_event,ACME-S02-SAFETY-001,safety_gateway,2026-09-01T16:15:07.813Z,12,none,none,False,False,False,False,False
9c9b53f3-c83c-4131-bbc0-39908a25bd32,1.0,acme-mining,site-02,safety_event,ACME-S02-SAFETY-002,safety_gateway,2026-09-01T16:15:07.813Z,12,none,none,False,False,False,False,False
6abc4eaf-e3c8-4bf7-b739-f696574e9461,1.0,acme-mining,site-02,safety_event,ACME-S02-SAFETY-003,safety_gateway,2026-09-01T16:15:07.813Z,12,overspeed,medium,True,False,True,False,False
77547d08-da6f-4356-9994-6f398532142c,1.0,acme-mining,site-02,safety_event,ACME-S02-SAFETY-004,safety_gateway,2026-09-01T16:15:07.813Z,12,none,none,False,False,False,False,False
2a9cafd9-697e-4a36-b632-ab11e16220da,1.0,acme-mining,site-02,safety_event,ACME-S02-SAFETY-005,safety_gateway,2026-09-01T16:15:07.813Z,12,none,none,False,False,False,False,False
0acbd873-7be9-4440-a02e-c74329a98038,1.0,beta-minerals,north-site,safety_event,BETA-NORTH-SAFETY-001,safety_gateway,2026-09-01T16:15:07.813Z,12,none,none,False,False,False,False,False
c98a13b1-4566-4c9b-9903-64e19c586222,1.0,beta-minerals,north-site,safety_event,BETA-NORTH-SAFETY-002,safety_gateway,2026-09-01T16:15:07.813Z,12,none,none,False,False,False,False,False
e970f88c-e6d0-49f2-94e3-85c34ce47e84,1.0,beta-minerals,north-site,safety_event,BETA-NORTH-SAFETY-003,safety_gateway,2026-09-01T16:15:07.813Z,12,none,none,False,False,False,False,False
ee89a930-d4fd-4840-887d-85ef2f5ae0fa,1.0,beta-minerals,north-site,safety_event,BETA-NORTH-SAFETY-004,safety_gateway,2026-09-01T16:15:07.813Z,12,none,none,False,False,False,False,False
67883c2a-ce2f-4f9f-ac12-7c7b2f3f0979,1.0,beta-minerals,north-site,safety_event,BETA-NORTH-SAFETY-005,safety_gateway,2026-09-01T16:15:07.813Z,12,none,none,False,False,False,False,False
5d4ee081-bdbd-4ad3-85b0-f8788ce58338,1.0,beta-minerals,north-site,safety_event,BETA-NORTH-SAFETY-006,safety_gateway,2026-09-01T16:15:07.813Z,12,harsh_braking,critical,True,False,False,True,False
1ddbbe7f-2f7c-43eb-91f7-82e29882f4c5,1.0,beta-minerals,north-site,safety_event,BETA-NORTH-SAFETY-007,safety_gateway,2026-09-01T16:15:07.813Z,12,none,none,False,False,False,False,False
f1c00faa-4c0c-4c34-b65a-06b7d36d63aa,1.0,beta-minerals,north-site,safety_event,BETA-NORTH-SAFETY-008,safety_gateway,2026-09-01T16:15:07.813Z,12,none,none,False,False,False,False,False
23b7ca8a-4e9a-4c39-9f75-39582c65463d,1.0,beta-minerals,north-site,safety_event,BETA-NORTH-SAFETY-009,safety_gateway,2026-09-01T16:15:07.813Z,12,geofence_violation,medium,True,True,False,False,False
fa5eb4aa-e60c-4bad-bc82-eedf0babb606,1.0,beta-minerals,north-site,safety_event,BETA-NORTH-SAFETY-010,safety_gateway,2026-09-01T16:15:07.813Z,12,none,none,False,False,False,False,False
b9ed7658-44c7-47be-9311-7683565c89ad,1.0,beta-minerals,north-site,safety_event,BETA-NORTH-SAFETY-011,safety_gateway,2026-09-01T16:15:07.813Z,12,none,none,False,False,False,False,False
a7672804-52de-4f4a-8825-33f31c8f8b9b,1.0,beta-minerals,north-site,safety_event,BETA-NORTH-SAFETY-012,safety_gateway,2026-09-01T16:15:07.813Z,12,none,none,False,False,False,False,False
94b9dc16-f489-424a-b261-aeac59850bd8,1.0,beta-minerals,north-site,safety_event,BETA-NORTH-SAFETY-013,safety_gateway,2026-09-01T16:15:07.813Z,12,none,none,False,False,False,False,False
38149977-638e-4861-96c7-961a28843a93,1.0,beta-minerals,north-site,safety_event,BETA-NORTH-SAFETY-014,safety_gateway,2026-09-01T16:15:07.813Z,12,none,none,False,False,False,False,False
8f6d7cd3-f4ea-471e-b10e-ef1e8c3cf462,1.0,beta-minerals,north-site,safety_event,BETA-NORTH-SAFETY-015,safety_gateway,2026-09-01T16:15:07.813Z,12,none,none,False,False,False,False,False
7a8fee70-14cd-480c-87fe-1c212c2ef5ea,1.0,beta-minerals,north-site,safety_event,BETA-NORTH-SAFETY-016,safety_gateway,2026-09-01T16:15:07.813Z,12,none,none,False,False,False,False,False
be21b3e5-3b16-4193-98ae-0c9da62723ce,1.0,beta-minerals,north-site,safety_event,BETA-NORTH-SAFETY-017,safety_gateway,2026-09-01T16:15:07.813Z,12,none,none,False,False,False,False,False
3c1f3bc2-7d06-4422-bf54-48fc3ab40a89,1.0,beta-minerals,north-site,safety_event,BETA-NORTH-SAFETY-018,safety_gateway,2026-09-01T16:15:07.813Z,12,none,none,False,False,False,False,False
a65f7c77-b728-4bde-bd6a-12063acc91e6,1.0,beta-minerals,north-site,safety_event,BETA-NORTH-SAFETY-019,safety_gateway,2026-09-01T16:15:07.813Z,12,none,none,False,False,False,False,False
5498dff3-1fbb-425e-9063-df54a5744a9f,1.0,beta-minerals,north-site,safety_event,BETA-NORTH-SAFETY-020,safety_gateway,2026-09-01T16:15:07.813Z,12,none,none,False,False,False,False,False
